target,prefix,layer,s,ci_lo,ci_hi
EGY,EGY,0,1.5020537550747395,1.2455288097523152,1.7860187710101403
EGY,EGY,1,1.530966150512298,1.3624195957904062,1.7100565835411348
EGY,EGY,2,1.518245027375718,1.3808130420492963,1.6660760517197972
EGY,EGY,3,1.5875368977958957,1.4703738100035115,1.7137709410187476
EGY,EGY,4,1.6055535102883975,1.490554563169678,1.7288816248650352
EGY,EGY,5,1.740956065505743,1.6179038359808424,1.8670164808767535
EGY,EGY,6,1.975768522893389,1.8456053686191638,2.1087454754579813
EGY,EGY,7,-5.337163120905558,-5.3515033407211305,-5.322456399043401
EGY,EGY,8,-5.168183247248332,-5.184958546876907,-5.152040642738342
EGY,EGY,9,-4.9418394533793135,-4.960303847312927,-4.924381518999735
EGY,EGY,10,-4.487720702489217,-4.518710757891337,-4.45717927090327
EGY,EGY,11,-4.369979966481527,-4.3981757802963255,-4.342957246780395
EGY,EGY,12,-3.9259535630544025,-3.9614274250666304,-3.8909193938175837
EGY,EGY,13,-3.7570182577768962,-3.7910516909360887,-3.7240635683139165
EGY,EGY,14,-3.6601685841878253,-3.6927659933169683,-3.62769362727801
EGY,EGY,15,-3.6004981168111168,-3.631763582309087,-3.5694362950722374
EGY,EGY,16,-3.486858016649882,-3.5180970231692,-3.4562191834449765
EGY,EGY,17,-3.482777746518453,-3.514073937892914,-3.452670867919922
EGY,EGY,18,-3.218934251467387,-3.2513924705187476,-3.1877242837349575
EGY,EGY,19,-2.9829376411437987,-3.0170913267930346,-2.9508074354728064
EGY,EGY,20,-2.4285967326164246,-2.4671809880534807,-2.3926045198043187
EGY,EGY,21,-2.2038284452756245,-2.2446228094895684,-2.1665456950863202
EGY,EGY,22,-1.8682629044850667,-1.913856635928154,-1.8259930153091748
EGY,EGY,23,-1.0370165439446768,-1.0891921238899231,-0.9905904517024756
EGY,EGY,24,-0.2680293692081856,-0.3303551221474384,-0.21281516306781365
EGY,EGY,25,0.25519245194581647,0.18810893508186563,0.31300748066681744
EGY,EGY,26,0.5215915061688672,0.4515347388566782,0.5821960922443928
EGY,EGY,27,0.7026882241355876,0.6272690859308155,0.767539472563037
EGY,EGY,28,0.9867452609414855,0.8984514613371963,1.0626513055857891
EGY,EGY,29,1.0157276940966646,0.9270541110842799,1.0915430279777696
EGY,EGY,30,1.0820135490844647,0.9911562153821191,1.1585455239589015
EGY,EGY,31,1.2218831279873847,1.134879849453767,1.3001350112358727
EGY,EGY,32,1.2695837819576263,1.1715668156544368,1.3565023440780737
EGY,EGY,33,1.291215869585673,1.1884729884552458,1.3837484514638783
EGY,EGY,34,1.3055961441497008,1.2020866606726002,1.3988777589146049
EGY,EGY,35,1.3674978283792734,1.2656835964402804,1.461624895442277
EGY,EGY,36,1.3255820891757806,1.2603432609401644,1.3832579503742357
EGY,MSA,0,1.5020537550747395,1.2455288097523152,1.7860187710101403
EGY,MSA,1,1.4574136704703171,1.2934198276288806,1.6350046850827833
EGY,MSA,2,1.4020568676603338,1.265494325785432,1.5517907197684981
EGY,MSA,3,1.403313504010439,1.2855512205964577,1.5311240980774163
EGY,MSA,4,1.2875525437761097,1.1855690036994249,1.3930928627511796
EGY,MSA,5,1.3221806048850218,1.2292236495452622,1.4222801566471657
EGY,MSA,6,1.6143996229767799,1.5150308059801658,1.7164946040535964
EGY,MSA,7,-5.3764783509572345,-5.387609939336777,-5.365283990939458
EGY,MSA,8,-5.2157260704040525,-5.229146999200185,-5.2024180138905844
EGY,MSA,9,-5.002357018788656,-5.018349512736003,-4.987045549790064
EGY,MSA,10,-4.577331717809042,-4.605565972963969,-4.549666052738825
EGY,MSA,11,-4.464407564798991,-4.490293527762095,-4.439236405769984
EGY,MSA,12,-4.043944363594055,-4.077927560567856,-4.0110313742160795
EGY,MSA,13,-3.899370942115784,-3.933296097318331,-3.8670363749265673
EGY,MSA,14,-3.800093739827474,-3.834458986242612,-3.7686423430045446
EGY,MSA,15,-3.727370481491089,-3.7611127266883853,-3.6957848517894747
EGY,MSA,16,-3.613691002527873,-3.6480317224264143,-3.5815937188069027
EGY,MSA,17,-3.6133025232950846,-3.646254852612813,-3.5816831223169965
EGY,MSA,18,-3.3761208899815878,-3.4107855028708776,-3.3427654685576758
EGY,MSA,19,-3.149288369814555,-3.18655868045489,-3.1138368489344916
EGY,MSA,20,-2.6545310179392496,-2.6972359284559886,-2.6143201811710997
EGY,MSA,21,-2.4351486372947693,-2.4806006800134974,-2.394028554916382
EGY,MSA,22,-2.0906871048609417,-2.142261341571808,-2.043162859459718
EGY,MSA,23,-1.3807709487279256,-1.4366585707068444,-1.3308192307054998
EGY,MSA,24,-0.6725312694416788,-0.7343938599095369,-0.61619020611701
EGY,MSA,25,-0.21195224166537324,-0.2762859597894518,-0.15204494333577656
EGY,MSA,26,0.01364836524395893,-0.05169431025810385,0.0730936053396047
EGY,MSA,27,0.17014014780521391,0.10075922268466093,0.23484437952687343
EGY,MSA,28,0.3517742162756622,0.27515965997707104,0.42586080713896074
EGY,MSA,29,0.38651265007288504,0.3069795509642766,0.4605772333693457
EGY,MSA,30,0.45998876271769407,0.38110841553192587,0.5360647358278122
EGY,MSA,31,0.5873171684580545,0.512920133414523,0.662207960011127
EGY,MSA,32,0.5871659564195821,0.50507639001403,0.6705480874533143
EGY,MSA,33,0.565852340720594,0.48272912592844414,0.6518346509508168
EGY,MSA,34,0.5628369189395259,0.4810740485510323,0.6472110700358946
EGY,MSA,35,0.6003354244151463,0.5209288786184042,0.6829423664709708
EGY,MSA,36,0.83264459900558,0.7621566353322317,0.9008671891565124
EGY,none,0,1.4387436731159686,1.1633519812921682,1.7252289264028267
EGY,none,1,1.3780303164827636,1.2189359166969662,1.5474776539805652
EGY,none,2,1.3635262849430243,1.2035905485215286,1.5469871936738488
EGY,none,3,1.2437096546093622,1.1159740435319643,1.389218380494664
EGY,none,4,1.1462350531419119,1.0551053358986975,1.2448897116507094
EGY,none,5,1.0227693321602418,0.8805906242696024,1.1514256094840043
EGY,none,6,1.1123607264831663,1.007586004947933,1.2204707471371319
EGY,none,7,21.598428846995034,5.7436750191847485,39.3547672030131
EGY,none,8,21.127178872426352,5.648006493330002,38.461819178740186
EGY,none,9,20.473170693715414,5.510346133708954,37.23355093097686
EGY,none,10,19.298103357950847,5.262935411055883,35.0129872739315
EGY,none,11,18.916452334721882,5.187174370050431,34.28991836595535
EGY,none,12,17.750585759480796,4.9553054361343385,32.069837164640425
EGY,none,13,17.21093921502431,4.825481125195822,31.067597798744835
EGY,none,14,16.896176778475443,4.764095623691877,30.46892548334598
EGY,none,15,16.734777407646177,4.752674695650736,30.140824766039845
EGY,none,16,16.4162281926473,4.6974089921315505,29.524389935771623
EGY,none,17,16.395272258122763,4.6619402212699255,29.48892377106348
EGY,none,18,15.608666367530823,4.488768164833387,28.025788949648533
EGY,none,19,14.971076974868774,4.396764805873235,26.782821431636805
EGY,none,20,13.202898829778036,3.9322648121118546,23.56835991112391
EGY,none,21,12.588569382826487,3.8076648018956187,22.40979382608334
EGY,none,22,11.741330144405365,3.677021287004153,20.765065709352495
EGY,none,23,8.972616104682286,2.968096643805504,15.691921703120068
EGY,none,24,6.667256521218223,2.419605592287951,11.39807735921207
EGY,none,25,4.882148360172287,1.9766229611125308,8.104141297677756
EGY,none,26,4.0383223465768,1.7745916814291849,6.54453161788467
EGY,none,27,3.4425331206123033,1.6220249718086175,5.45605697283707
EGY,none,28,2.288602552143857,1.2079486152966663,3.4968075841426223
EGY,none,29,2.2887317874265136,1.2558005608616658,3.4415506139077476
EGY,none,30,2.1387073201096305,1.2346127166226506,3.1479580487850276
EGY,none,31,1.2326157866418361,0.8757423672961692,1.638371105164289
EGY,none,32,0.8748314355189601,0.6768523317496292,1.0940424627975247
EGY,none,33,0.7542865814547985,0.6047471019903509,0.9194180471481909
EGY,none,34,0.7212547533027828,0.5877880844203756,0.8648604175966853
EGY,none,35,0.5157731614556784,0.44439558740002877,0.5904004755520728
EGY,none,36,1.1270724960804606,1.0388805164595833,1.2194806510871665
MSA,EGY,0,-0.08455988629410664,-0.2797513245179628,0.13276940764114237
MSA,EGY,1,-0.13885555437455574,-0.307257413138325,0.03253038924994563
MSA,EGY,2,-0.09305053311089674,-0.22260400252789259,0.04646444535317506
MSA,EGY,3,0.030800101067870855,-0.08656681118362272,0.15304898958497978
MSA,EGY,4,0.1920296805165708,0.09037479265018677,0.29343470217908413
MSA,EGY,5,0.3916815110420187,0.2933773323694865,0.48900510779069734
MSA,EGY,6,0.29868019118905065,0.17488575838692486,0.42164316873500735
MSA,EGY,7,-5.496727946599324,-5.5108071415424345,-5.482783591032028
MSA,EGY,8,-5.354759702682495,-5.370743388811747,-5.339425343195598
MSA,EGY,9,-5.155581900278727,-5.171750696182251,-5.139248983939488
MSA,EGY,10,-4.821525640487671,-4.840578799565633,-4.803035963773728
MSA,EGY,11,-4.691635052363078,-4.711610589822134,-4.672134294430415
MSA,EGY,12,-4.336880992253621,-4.3601329298019404,-4.31493088388443
MSA,EGY,13,-4.162686813672384,-4.188561322569847,-4.138712950627009
MSA,EGY,14,-4.055342262585958,-4.081949853897094,-4.030356694539388
MSA,EGY,15,-3.983227326075236,-4.01058128786087,-3.956886930425962
MSA,EGY,16,-3.8649898195266723,-3.8935352497100832,-3.8380185490051906
MSA,EGY,17,-3.844183203379313,-3.873389774044355,-3.8158720784982045
MSA,EGY,18,-3.5896436309814455,-3.622451695164045,-3.558198869784673
MSA,EGY,19,-3.3629272317886354,-3.397836972912153,-3.330044248143832
MSA,EGY,20,-2.8610827112197876,-2.900638553818067,-2.823208546360334
MSA,EGY,21,-2.652848415374756,-2.6945705476204553,-2.6119741032123565
MSA,EGY,22,-2.379444320201874,-2.423396765947342,-2.335241001546383
MSA,EGY,23,-1.5828979369004568,-1.6351348562339942,-1.5290842767159145
MSA,EGY,24,-0.9034484503790736,-0.9631165888753409,-0.8397121589845046
MSA,EGY,25,-0.41139300201864293,-0.47833922493287057,-0.34150023353057146
MSA,EGY,26,-0.16277230181343233,-0.23320245673057313,-0.0897645359240512
MSA,EGY,27,-0.007378210617074122,-0.0843455457118592,0.07187825932938717
MSA,EGY,28,0.2369035017785306,0.15954051126776417,0.31692690432940906
MSA,EGY,29,0.2848326719358253,0.20684157096689643,0.3679216506128238
MSA,EGY,30,0.3526642292800049,0.27438586053857583,0.4340144554885725
MSA,EGY,31,0.5287138045876054,0.4513065154585056,0.607474113581154
MSA,EGY,32,0.5501513353409245,0.4712763631102474,0.6302801414555481
MSA,EGY,33,0.5633183708057429,0.4842607517953729,0.6456450995525035
MSA,EGY,34,0.5767772921818929,0.4967165039112442,0.6602957357839526
MSA,EGY,35,0.6286037274294843,0.5490243342777248,0.7125563922211682
MSA,EGY,36,0.7242423544079065,0.6360995801920071,0.8072661009303604
MSA,MSA,0,-0.08455988629410664,-0.2797513245179628,0.13276940764114237
MSA,MSA,1,-0.22652902292708557,-0.403862104390127,-0.04475074479418521
MSA,MSA,2,-0.22141794283253452,-0.35686845834017733,-0.07046492810283485
MSA,MSA,3,-0.1582443522165219,-0.2759791482657505,-0.02843665640971937
MSA,MSA,4,-0.05996913096867502,-0.15479780925399003,0.04346380772721018
MSA,MSA,5,0.16843913815760364,0.08725228737449894,0.25891039278703587
MSA,MSA,6,0.1381369078110826,0.025485704518621786,0.2540748735363207
MSA,MSA,7,-5.513860085805257,-5.526989747603734,-5.500338561137517
MSA,MSA,8,-5.3730397605896,-5.388035320520402,-5.3581314063866925
MSA,MSA,9,-5.189736785888672,-5.206201829751333,-5.173326683918636
MSA,MSA,10,-4.865945412317912,-4.8840663626988725,-4.847933793147405
MSA,MSA,11,-4.755131985346476,-4.773079418102901,-4.7363618070284526
MSA,MSA,12,-4.415731112162272,-4.436725782871246,-4.39461939628919
MSA,MSA,13,-4.260023492177328,-4.28230809613069,-4.237478109280268
MSA,MSA,14,-4.160325840314229,-4.183236761967341,-4.137072284897168
MSA,MSA,15,-4.093376854260763,-4.1172895930608115,-4.068831157763799
MSA,MSA,16,-3.98348735332489,-4.009461443742117,-3.9574313707351685
MSA,MSA,17,-3.9780068524678547,-4.0031864683628084,-3.9517941385110222
MSA,MSA,18,-3.7436923011144003,-3.770603941758474,-3.7144161792198815
MSA,MSA,19,-3.536447574297587,-3.5654772842725118,-3.506550378123919
MSA,MSA,20,-3.076372793515523,-3.1077936516602835,-3.043880436182022
MSA,MSA,21,-2.88112721602122,-2.9141348521709443,-2.847471386830012
MSA,MSA,22,-2.615429604848226,-2.6524478126764297,-2.578206309358279
MSA,MSA,23,-1.9170466955502827,-1.9547342146039008,-1.877361705561479
MSA,MSA,24,-1.2851723140478135,-1.3288123924732207,-1.2382999332497517
MSA,MSA,25,-0.8397109288970629,-0.885593077947696,-0.7906177857667208
MSA,MSA,26,-0.6242835434277852,-0.6722720333357963,-0.5737900365012077
MSA,MSA,27,-0.4810733216628432,-0.5336920717678344,-0.4256816674582661
MSA,MSA,28,-0.2605244886192183,-0.3068933211169205,-0.2130568285696209
MSA,MSA,29,-0.21037716299140205,-0.2594837301066921,-0.159039694108263
MSA,MSA,30,-0.1357910161240337,-0.1853375929671068,-0.0858810544938509
MSA,MSA,31,0.008326383487631877,-0.03180215287581086,0.04898123962913325
MSA,MSA,32,0.026373489922261798,-0.008542851198353067,0.06494596037901647
MSA,MSA,33,0.027490293545512638,-0.006779869283117781,0.06586874176540489
MSA,MSA,34,0.03378891644339698,-8.304408373078121e-06,0.07115845404866072
MSA,MSA,35,0.07391058045109579,0.03959334849007427,0.111659016923911
MSA,MSA,36,0.1702657247458895,0.10550642422602202,0.23836511773321156
MSA,none,0,0.10532153105984131,-0.1133873599525541,0.32720238753749675
MSA,none,1,0.16050479638700685,0.005652215374168009,0.3191007189781715
MSA,none,2,0.167865161842977,0.03318802481230038,0.30975968298851514
MSA,none,3,0.13617077597727378,0.017118654609968264,0.2564625218451643
MSA,none,4,0.17178119072069725,0.07023817252057293,0.27098960716525705
MSA,none,5,0.29280841623743376,0.18972698293998835,0.39530136865315324
MSA,none,6,0.168841278689603,0.05467889551135401,0.2841795953689143
MSA,none,7,18.345607748031615,4.6121468826135,34.6803767024676
MSA,none,8,17.925888827641806,4.516251149892807,33.87734243440627
MSA,none,9,17.34192967414856,4.373763839562734,32.76610408997535
MSA,none,10,16.28213930130005,4.114880130290985,30.755096835533777
MSA,none,11,15.950186916987102,4.046477717796962,30.108470725297927
MSA,none,12,14.901904021898906,3.8024488564332324,28.099458534479137
MSA,none,13,14.430263247489929,3.6863108884096145,27.21064774763584
MSA,none,14,14.165966569582622,3.6421374388138457,26.68718894565105
MSA,none,15,14.02349688688914,3.626861715992292,26.390242199659344
MSA,none,16,13.751382468541463,3.5827294389804205,25.84524826343854
MSA,none,17,13.748011838595072,3.5894825011094413,25.828954609473545
MSA,none,18,13.07301231066386,3.4434169833262764,24.524030255913733
MSA,none,19,12.530798468589783,3.3671647480726246,23.42800710348288
MSA,none,20,10.983512506484985,2.9504696504275008,20.540851237654685
MSA,none,21,10.448190220197041,2.8423698983589807,19.498219043572742
MSA,none,22,9.670827273527781,2.6874831538001693,17.993613785485426
MSA,none,23,7.269688614209493,2.0529075435996056,13.485378635942935
MSA,none,24,5.229772213896116,1.534392744064331,9.628370054587721
MSA,none,25,3.6885889922703305,1.1509693705445778,6.706625490033688
MSA,none,26,2.94385410408179,0.9515592083850255,5.302256400814279
MSA,none,27,2.406668016326924,0.7920832387010257,4.304208757408584
MSA,none,28,1.4745059360501667,0.4987821032119294,2.612948362849496
MSA,none,29,1.4774945222302631,0.5469800123841221,2.571757289999608
MSA,none,30,1.3490874540588509,0.529425839275044,2.3100352447985975
MSA,none,31,0.6250294318779682,0.290390468968971,1.0078622174027059
MSA,none,32,0.3472328632259087,0.1621835688754051,0.5545886386401877
MSA,none,33,0.26474891126471145,0.12960365472583607,0.41715854467797786
MSA,none,34,0.23650387480738572,0.11882650199030953,0.36747214505138487
MSA,none,35,0.052422195029212165,0.02836038567565265,0.07740824796506784
MSA,none,36,0.4299005172397786,0.33330808298599246,0.5324037406072797
