target,component,layer,delta,ci_lo,ci_hi,mean_gap,restoration
EGY,attn,0,-0.0024499906909962493,-0.01435233886539936,0.008083629737608124,0.6292150440237795,-0.0038937255462437076
EGY,attn,1,-0.0003587742770711581,-0.007084844312630593,0.0062502148120353596,0.6292150440237795,-0.0005701934187345959
EGY,attn,2,-0.004928556966284911,-0.013665514941016834,0.0035016918039570233,0.6292150440237795,-0.007832865747721457
EGY,attn,3,-0.010222744531929492,-0.02635644173187514,0.0033169590135415363,0.6292150440237795,-0.016246821542212127
EGY,attn,4,-0.008209670297801494,-0.023611949972808362,0.005847487529429292,0.6292150440237795,-0.013047479356662095
EGY,attn,5,-0.0028570828478162486,-0.009828370084947287,0.004646905278127318,0.6292150440237795,-0.004540709690514445
EGY,attn,6,-0.010394671273728211,-0.018769614270888267,-0.0019288359119867308,0.6292150440237795,-0.01652006157903525
EGY,attn,7,-0.007990693251291911,-0.018498297980676093,0.00212790172919631,0.6292150440237795,-0.01269946312820506
EGY,attn,8,-0.003769476457188527,-0.011945905142929406,0.004448140162043271,0.6292150440237795,-0.005990760222583091
EGY,attn,9,0.005871665791297952,-0.0003732261767145246,0.011947697720800819,0.6292150440237795,0.009331731412124419
EGY,attn,10,0.003787134432544311,-0.0053803092543967075,0.01453952887762958,0.6292150440237795,0.0060188237209426705
EGY,attn,11,-0.002305218173811833,-0.009201497354234258,0.005024235855943198,0.6292150440237795,-0.0036636412236270583
EGY,attn,12,-0.007536874872942766,-0.016607148105589054,0.0017459990503266398,0.6292150440237795,-0.011978217851793654
EGY,attn,13,0.001057336125522852,-0.004466686119480679,0.007079528424733629,0.6292150440237795,0.001680405030943432
EGY,attn,14,-0.006222476367838681,-0.015124254841784325,0.002604731817380521,0.6292150440237795,-0.009889268266770047
EGY,attn,15,0.005989985695729653,-0.010229887310260286,0.033891109918399394,0.6292150440237795,0.009519775079477086
EGY,attn,16,0.0037924158674043913,-0.003647365929054407,0.01139133595593739,0.6292150440237795,0.0060272174090946675
EGY,attn,17,0.00644890649865071,-0.0011662308424711227,0.014399377659584078,0.6292150440237795,0.010249129546252539
EGY,attn,18,-0.0017125605170925458,-0.0073299319002156456,0.0036237169671803696,0.6292150440237795,-0.002721741212894179
EGY,attn,19,0.0031861915811896326,-0.005963034216624996,0.012281003767003603,0.6292150440237795,0.005063756201400072
EGY,attn,20,0.0035378249858816465,-0.0009645610389610131,0.00793921337028344,0.6292150440237795,0.005622600761827849
EGY,attn,21,-0.022415342206756273,-0.03186507949978113,-0.013433910559241974,0.6292150440237795,-0.03562429477752466
EGY,attn,22,0.11811182088529071,0.10258547288676104,0.13427296115085482,0.6292150440237795,0.18771296396534823
EGY,attn,23,0.02686812922048072,0.0184451123677815,0.03463135767371083,0.6292150440237795,0.04270102801207867
EGY,attn,24,0.07769647182275852,0.06604286260219912,0.08964690593723208,0.6292150440237795,0.12348158639993069
EGY,attn,25,0.021468755615254242,0.014035352059950431,0.02874406817338119,0.6292150440237795,0.03411990196223422
EGY,attn,26,0.05111238996187846,0.042784133504455285,0.05950605317453543,0.6292150440237795,0.08123198967878906
EGY,attn,27,0.03382411756863197,0.02911346658319235,0.03856693527474999,0.6292150440237795,0.05375605349854553
EGY,attn,28,0.019432813537617524,0.016178757494625946,0.022587216002245742,0.6292150440237795,0.030884216329835738
EGY,mlp,0,-0.001928362287580967,-0.01320461445301771,0.007953552667361991,0.6292150440237795,-0.003064711033050395
EGY,mlp,1,-0.0033686739268402256,-0.009127048093825578,0.0018285739550677408,0.6292150440237795,-0.005353772067015161
EGY,mlp,2,-0.007989618260568628,-0.016579800119060868,-0.00044480233598733415,0.6292150440237795,-0.012697754665043708
EGY,mlp,3,-0.005956323286518454,-0.020056387605921676,0.005498048520258929,0.6292150440237795,-0.009466276026123354
EGY,mlp,4,-0.0013482006763418516,-0.017166646760577955,0.01472664259343096,0.6292150440237795,-0.002142670759618551
EGY,mlp,5,0.014316828319181999,-0.0023778376028252145,0.030800319102747987,0.6292150440237795,0.022753474277453757
EGY,mlp,6,-0.0050262859463691715,-0.023459843691127996,0.012887987674834827,0.6292150440237795,-0.007988184634344529
EGY,mlp,7,-0.004191396459937095,-0.019856872888281942,0.011648876044278335,0.6292150440237795,-0.006661309992102943
EGY,mlp,8,-0.0032462804640332856,-0.01819634970805297,0.012069768555151916,0.6292150440237795,-0.0051592543675904245
EGY,mlp,9,0.022738680342202618,0.005138589502923423,0.039637748444309784,0.6292150440237795,0.03613817018231254
EGY,mlp,10,-0.006040500636057307,-0.020104107711367152,0.0074593627813349704,0.6292150440237795,-0.009600057553342643
EGY,mlp,11,0.005628694109618664,-0.007078525918846329,0.018609282117026546,0.6292150440237795,0.008945580947371535
EGY,mlp,12,0.007221596737702687,-0.002576414826326072,0.018191092732672876,0.6292150440237795,0.011477152058414177
EGY,mlp,13,0.008805986158549786,-0.00046208638666818527,0.017447936856808753,0.6292150440237795,0.013995193284375743
EGY,mlp,14,-0.014886719410618147,-0.026240694381917517,-0.0036799621352305075,0.6292150440237795,-0.023659191800975986
EGY,mlp,15,-0.007780385023603837,-0.017012560337626687,0.0019482169280139103,0.6292150440237795,-0.012365224095483957
EGY,mlp,16,-0.004075489578147729,-0.01531476505752653,0.006468034073710436,0.6292150440237795,-0.0064771012976506444
EGY,mlp,17,-0.002231910557796558,-0.009378433027304709,0.005443849286995821,0.6292150440237795,-0.0035471347657609546
EGY,mlp,18,-0.006389193633804097,-0.01610434597170873,0.0040050437639777845,0.6292150440237795,-0.010154228978610746
EGY,mlp,19,-0.012077699148406585,-0.021724982066390418,-0.002864338665579768,0.6292150440237795,-0.019194867101667932
EGY,mlp,20,-0.0009334369376301766,-0.01107736040900151,0.009038671003344155,0.6292150440237795,-0.0014834943100866162
EGY,mlp,21,0.0052672730572521686,-0.009676824133222302,0.019384392928487305,0.6292150440237795,0.00837118105690605
EGY,mlp,22,0.030758899934589863,0.017679503781100114,0.04307172643827895,0.6292150440237795,0.04888455898620792
EGY,mlp,23,0.05777784795810779,0.03858636235414693,0.07539951660670338,0.6292150440237795,0.09182528057279608
EGY,mlp,24,0.06866952114428083,0.05304839349693308,0.08277358552968749,0.6292150440237795,0.10913521823182228
EGY,mlp,25,0.059987593131760754,0.0441901367350171,0.07498629214304188,0.6292150440237795,0.09533718829757301
EGY,mlp,26,0.061861957053964335,0.04696317001494269,0.07570824068489794,0.6292150440237795,0.09831608071282293
EGY,mlp,27,0.19335109263658523,0.16182145506857584,0.2224498572293669,0.6292150440237795,0.30728936708207194
EGY,mlp,28,0.08297572775433461,0.06883444278749326,0.09635986908556272,0.6292150440237795,0.13187181162057335
EGY,resid,0,-0.00019431731353203457,-0.0013716460866853594,0.0009568043686449511,0.6292150440237795,-0.00030882496433872755
EGY,resid,1,-0.0019980396640797457,-0.014007857819553465,0.008856168371625242,0.6292150440237795,-0.0031754480174257167
EGY,resid,2,-0.002244573808275163,-0.01522648488470198,0.01016572835893991,0.6292150440237795,-0.003567260238918152
EGY,resid,3,-0.003395530345539252,-0.020512452114373445,0.01215176345625267,0.6292150440237795,-0.005396454483708955
EGY,resid,4,-0.0005301558350523312,-0.021419991663036247,0.01859943868840734,0.6292150440237795,-0.0008425670048542187
EGY,resid,5,0.013881241517762342,-0.012195150871761143,0.03808008890567967,0.6292150440237795,0.022061204113927285
EGY,resid,6,0.02685106934979558,-0.0010167669050085049,0.0546383689319094,0.6292150440237795,0.042673915070569765
EGY,resid,7,0.025601610702772934,-0.0013125775263955193,0.05246452108894785,0.6292150440237795,0.0406881732182573
EGY,resid,8,0.03277647592748205,0.004933577660626421,0.05983147024502975,0.6292150440237795,0.05209105573490285
EGY,resid,9,0.04300521466881037,0.011769438348710536,0.07349821211118251,0.6292150440237795,0.0683474037648488
EGY,resid,10,0.052369885221899795,0.02124585111497436,0.08631375441372312,0.6292150440237795,0.08323050397364723
EGY,resid,11,0.07493016093620099,0.038912307712249454,0.11439977536918011,0.6292150440237795,0.11908513893283391
EGY,resid,12,0.08860084616094052,0.051229097266482615,0.12991516600653993,0.6292150440237795,0.14081170976832538
EGY,resid,13,0.1025509431026876,0.05996112884068861,0.1479774517828288,0.6292150440237795,0.16298234455248017
EGY,resid,14,0.11089092113853742,0.06693302754499018,0.15733196126704568,0.6292150440237795,0.17623691962194502
EGY,resid,15,0.11084578950578967,0.06521754794288426,0.1573304944601841,0.6292150440237795,0.17616519274068812
EGY,resid,16,0.11137975939859947,0.06234705714570979,0.1600548156527802,0.6292150440237795,0.1770138213580128
EGY,resid,17,0.1402137639808158,0.08673130958465239,0.1937989663858898,0.6292150440237795,0.22283917924809948
EGY,resid,18,0.1713237759222587,0.1144060891661793,0.22771598457855483,0.6292150440237795,0.27228175414665384
EGY,resid,19,0.19457043200110397,0.13386743306384113,0.2537566620175105,0.6292150440237795,0.3092272409077217
EGY,resid,20,0.2417247990355827,0.1754702798546641,0.3048192369135989,0.6292150440237795,0.38416881689568655
EGY,resid,21,0.2574130209500436,0.1884737949713987,0.3218085172196637,0.6292150440237795,0.40910182201606
EGY,resid,22,0.2764366553642321,0.2038283391125636,0.3456524998860744,0.6292150440237795,0.439335737423635
EGY,resid,23,0.4054262099787593,0.32713909412889436,0.47947499835956836,0.6292150440237795,0.6443364853231915
EGY,resid,24,0.45831055531278253,0.37658805048977956,0.5370526645185114,0.6292150440237795,0.728384611375347
EGY,resid,25,0.5190195851835112,0.4337889811177738,0.5984595722154094,0.6292150440237795,0.824868365931658
EGY,resid,26,0.5579283210945626,0.47000031497702,0.6418045928540329,0.6292150440237795,0.8867053106782952
EGY,resid,27,0.582919044495405,0.49510839980710686,0.6658158078432701,0.6292150440237795,0.9264226118429794
EGY,resid,28,0.6085820499372979,0.5206068773157895,0.6944472620037073,0.6292150440237795,0.9672083586010035
MSA,attn,0,-0.007220910577258716,-0.016655655353271865,0.0019994566890721515,0.49520983492722737,-0.014581516900446559
MSA,attn,1,0.004070805527735501,-0.002221688766730949,0.009937326092505827,0.49520983492722737,0.008220364864792556
MSA,attn,2,0.0021885685087181628,-0.0030340311022591777,0.00722159095358802,0.49520983492722737,0.004419477066807002
MSA,attn,3,0.00460983721461768,-0.002667731355157836,0.011671868076159927,0.49520983492722737,0.009308856346310469
MSA,attn,4,0.0008875183784402907,-0.007669502699379033,0.009606591359440543,0.49520983492722737,0.001792206688646873
MSA,attn,5,0.004877014401524017,-0.0021996415529477718,0.011609220716694835,0.49520983492722737,0.009848379530347392
MSA,attn,6,0.006178697516831259,-0.003025999836643071,0.01577174481332378,0.49520983492722737,0.012476928124295508
MSA,attn,7,0.004100047448494782,-0.004656340627737033,0.012956632275677591,0.49520983492722737,0.008279414420550224
MSA,attn,8,0.001302076968519638,-0.007626744044692411,0.010180228528256218,0.49520983492722737,0.002629343919857695
MSA,attn,9,0.00032027071264262,-0.006796205635784039,0.0072934245424888374,0.49520983492722737,0.0006467373829311866
MSA,attn,10,0.021134451183024795,0.01249431052734144,0.029232457104042014,0.49520983492722737,0.04267776948761644
MSA,attn,11,0.004411430510226637,-0.003739848044177052,0.012002222782777001,0.49520983492722737,0.008908204561153174
MSA,attn,12,0.00918731948438411,0.001188413647081082,0.0177002335114909,0.49520983492722737,0.01855237686411098
MSA,attn,13,0.005536079116088027,3.0272577326589613e-06,0.011000414473984456,0.49520983492722737,0.011179259226347093
MSA,attn,14,-0.006222952328777562,-0.014469634388107807,0.0016218444715874808,0.49520983492722737,-0.01256629390184071
MSA,attn,15,-0.002475553840243568,-0.009467121674621012,0.0044218575453269255,0.49520983492722737,-0.004998999748475025
MSA,attn,16,0.011690526662860065,0.0042387920227871904,0.018841173145667803,0.49520983492722737,0.023607218270570142
MSA,attn,17,0.01910444551380351,0.01212961065833224,0.026255071446415968,0.49520983492722737,0.03857848565671352
MSA,attn,18,0.0013479087649223705,-0.0042879940582982575,0.006734715125368286,0.49520983492722737,0.0027218941746592127
MSA,attn,19,0.01971631424423928,0.012177320524739722,0.027900391112916013,0.49520983492722737,0.039814060330883076
MSA,attn,20,0.009129470150607328,0.005056031436756408,0.01332382796452535,0.49520983492722737,0.018435559043266846
MSA,attn,21,-0.011000248535419815,-0.018136426625036013,-0.003768461431085599,0.49520983492722737,-0.022213307894089655
MSA,attn,22,0.10634754769387655,0.09054593867483587,0.12206787360352848,0.49520983492722737,0.21475249519126505
MSA,attn,23,0.02622004269544656,0.01714206427372604,0.03459797513673159,0.49520983492722737,0.052947338372832754
MSA,attn,24,0.06413837609424566,0.0541881616434354,0.07466785770375281,0.49520983492722737,0.12951757330035862
MSA,attn,25,0.024727476518213127,0.018518157216186715,0.030720450016000534,0.49520983492722737,0.04993333083105449
MSA,attn,26,0.033203694012481716,0.026751640270192487,0.04007141397672239,0.49520983492722737,0.06704974673485857
MSA,attn,27,0.030663038972609986,0.026240100114936167,0.03503088157313565,0.49520983492722737,0.06191928513922995
MSA,attn,28,0.019961432567797602,0.016383317107354134,0.023273977234610353,0.49520983492722737,0.04030903903742339
MSA,mlp,0,-0.004893520256349196,-0.01349614957801532,0.0034317336922977094,0.49520983492722737,-0.009881710562287833
MSA,mlp,1,-0.002695329593649755,-0.0075849762911675495,0.0016801545375880462,0.49520983492722737,-0.0054428030373141565
MSA,mlp,2,-0.001336463784488539,-0.006268601673344771,0.0035120399398147098,0.49520983492722737,-0.002698782799184383
MSA,mlp,3,-0.0008446370693854987,-0.008064711778599302,0.006150125023113407,0.49520983492722737,-0.0017056144886735151
MSA,mlp,4,-0.0017464832037997742,-0.012497622011423421,0.008424283981323236,0.49520983492722737,-0.0035267538740550767
MSA,mlp,5,0.004558409861444185,-0.008159426033729687,0.016992978689260776,0.49520983492722737,0.009205006726318467
MSA,mlp,6,-0.001992672732255111,-0.014540233237067393,0.010026632544992019,0.49520983492722737,-0.004023895713920828
MSA,mlp,7,-0.00029794556632017097,-0.013237218240761042,0.012390794410797141,0.49520983492722737,-0.0006016551879749217
MSA,mlp,8,-0.007224601109046489,-0.022688648496812673,0.006634096708071083,0.49520983492722737,-0.01458896936105513
MSA,mlp,9,-0.003110811927666267,-0.015701590138002455,0.009043681942896597,0.49520983492722737,-0.006281805627150782
MSA,mlp,10,-0.006558869481086731,-0.021003932858662058,0.0067688761779960685,0.49520983492722737,-0.01324462686014824
MSA,mlp,11,0.00041280174550289907,-0.012524430742991777,0.012713878545134014,0.49520983492722737,0.0008335895541403405
MSA,mlp,12,-0.003831255368422717,-0.013603990453334214,0.0059048757226749585,0.49520983492722737,-0.007736630208456445
MSA,mlp,13,0.0014234586459739755,-0.009342942389892413,0.012564630870241664,0.49520983492722737,0.0028744555248648427
MSA,mlp,14,-0.014392336205734562,-0.023619502682316426,-0.004570837020505381,0.49520983492722737,-0.029063106567440367
MSA,mlp,15,-0.020369453146122395,-0.030804331163351892,-0.011257105165122391,0.49520983492722737,-0.04113297376074074
MSA,mlp,16,8.175692831476529e-05,-0.010765110687081081,0.009994313934041802,0.49520983492722737,0.00016509552627681502
MSA,mlp,17,-0.012713346094048271,-0.020821813798315512,-0.004664332103003598,0.49520983492722737,-0.025672644599064834
MSA,mlp,18,-0.011268751573152259,-0.019664604659049775,-0.003386778004050346,0.49520983492722737,-0.022755508429690693
MSA,mlp,19,-0.003002159472089261,-0.011564931985902754,0.0054905631994867305,0.49520983492722737,-0.006062398725442191
MSA,mlp,20,0.001001581095624715,-0.008409641289656673,0.009063455613970286,0.49520983492722737,0.002022538780498777
MSA,mlp,21,0.00203969544537055,-0.00997467028737689,0.014336759619230482,0.49520983492722737,0.004118850841624116
MSA,mlp,22,0.019236970286195476,0.007742970234830863,0.030784805150314544,0.49520983492722737,0.03884609902592587
MSA,mlp,23,0.03750668768770993,0.023207576599030288,0.05092954959567093,0.49520983492722737,0.07573897980685633
MSA,mlp,24,0.0472672164432394,0.03470045679654383,0.05957169569464166,0.49520983492722737,0.0954488645206036
MSA,mlp,25,0.04910433800047031,0.037136481699509505,0.06078816412016992,0.49520983492722737,0.09915864859123072
MSA,mlp,26,0.04389925613300875,0.03199689797350826,0.05574702879964994,0.49520983492722737,0.08864778733536235
MSA,mlp,27,0.12118576781901841,0.10082157269219169,0.1422450626801389,0.49520983492722737,0.24471599566843627
MSA,mlp,28,0.06135506267581756,0.04768665730937694,0.07466512941770875,0.49520983492722737,0.12389710047829296
MSA,resid,0,0.00036832496834297975,-0.0005842954836941015,0.0013715381160921724,0.49520983492722737,0.0007437755520285785
MSA,resid,1,-0.0066127072499754525,-0.016156918230000886,0.002829673570503168,0.49520983492722737,-0.013353343943476426
MSA,resid,2,-0.002892942042089999,-0.014227907955821137,0.007949762761670464,0.49520983492722737,-0.005841850944893139
MSA,resid,3,-0.001076271516115715,-0.013258326027736378,0.010452199621494695,0.49520983492722737,-0.002173364582458013
MSA,resid,4,-0.004232831691236546,-0.021575224663402576,0.011735000285416993,0.49520983492722737,-0.00854755175017591
MSA,resid,5,-0.009727373763453215,-0.031528314246213995,0.009853810778527976,0.49520983492722737,-0.019642933313072593
MSA,resid,6,-0.0027823208854533734,-0.028077742052827186,0.020193923256825654,0.49520983492722737,-0.00561846855457191
MSA,resid,7,0.0008525680401362479,-0.02475858559573923,0.02461488042304213,0.49520983492722737,0.0017216298627460325
MSA,resid,8,-0.004804702901747077,-0.03131446893637379,0.02055929621186806,0.49520983492722737,-0.009702357592419672
MSA,resid,9,-0.0008986128548470636,-0.02882933172622385,0.025574649043846875,0.49520983492722737,-0.0018146102752161972
MSA,resid,10,0.0064782071323134,-0.022773939646644675,0.03402654366802501,0.49520983492722737,0.013081741668691603
MSA,resid,11,0.029552337129134684,-0.003818303509460141,0.06151126981631383,0.49520983492722737,0.05967639381289245
MSA,resid,12,0.03756436651883026,0.00201585778403872,0.07121217322659988,0.49520983492722737,0.07585545332384293
MSA,resid,13,0.044820024037617257,0.006771882552163638,0.08175925603485179,0.49520983492722737,0.09050713632172451
MSA,resid,14,0.04966140382535135,0.012626196546286035,0.08649731293223642,0.49520983492722737,0.1002835572372048
MSA,resid,15,0.05408656173928951,0.012650416912510992,0.09502873801044184,0.49520983492722737,0.10921948217615206
MSA,resid,16,0.0662214011256583,0.023813245352881495,0.1080267162856568,0.49520983492722737,0.1337239215682979
MSA,resid,17,0.08893008191681777,0.04474509606902333,0.13238663380829768,0.49520983492722737,0.17958060532034126
MSA,resid,18,0.11034620968314508,0.06410081518775163,0.15601553970845028,0.49520983492722737,0.22282717729012955
MSA,resid,19,0.12650762302102522,0.0791743419355092,0.17440712962689578,0.49520983492722737,0.25546266269048534
MSA,resid,20,0.16756894884863868,0.11561391035647829,0.21809306397723655,0.49520983492722737,0.3383796868114775
MSA,resid,21,0.18495447758197164,0.13181052988554195,0.23789519225677938,0.49520983492722737,0.37348708474085796
MSA,resid,22,0.19196738881757483,0.13865119963907638,0.24656086254170317,0.49520983492722737,0.3876485790024446
MSA,resid,23,0.3110223582055187,0.25022392015395356,0.3711461118067623,0.49520983492722737,0.6280617553793624
MSA,resid,24,0.35776214304302506,0.2919601938352377,0.42089876529188275,0.49520983492722737,0.7224455529959322
MSA,resid,25,0.4091866007420079,0.34055756610011056,0.4766794100721599,0.49520983492722737,0.8262893260230568
MSA,resid,26,0.4389822689373977,0.3674149155015863,0.5075161104282984,0.49520983492722737,0.886457089451601
MSA,resid,27,0.458261771822193,0.3859101535905502,0.5279133404802803,0.49520983492722737,0.9253890765104372
MSA,resid,28,0.47815049019254124,0.403886289477911,0.54872704442833,0.49520983492722737,0.9655512804239984
