layer,mono_test,unseen_types,ambiguous_forms,cs_words,baseline_mono_test,baseline_unseen_types,baseline_ambiguous_forms,baseline_cs_words
0,0.6454533166627243,0.5788152803403034,0.597087553909397,0.6131315887671688,0.6511770801653545,0.5,0.5929079023258874,0.6150690343471906
1,0.785801259306818,0.7428617645551455,0.6749856573083473,0.6718655116724165,0.6511770801653545,0.5,0.5929079023258874,0.6150690343471906
2,0.7930304463893488,0.7179267886428864,0.6871321195209006,0.677781297289888,0.6511770801653545,0.5,0.5929079023258874,0.6150690343471906
3,0.7900899987609682,0.7118231729192293,0.6809305691333036,0.6749243707005714,0.6511770801653545,0.5,0.5929079023258874,0.6150690343471906
4,0.8232532468263891,0.7598160747232472,0.7154946966463345,0.7061250987137035,0.6511770801653545,0.5,0.5929079023258874,0.6150690343471906
5,0.8783788959100688,0.8426192855678557,0.7430022198661961,0.7270172899321528,0.6511770801653545,0.5,0.5929079023258874,0.6150690343471906
6,0.8702029759289922,0.8377616979294793,0.7451742770900935,0.7335799302181512,0.6511770801653545,0.5,0.5929079023258874,0.6150690343471906
7,0.8803067166784937,0.8601709845223453,0.7384452216270961,0.7333913920499802,0.6511770801653545,0.5,0.5929079023258874,0.6150690343471906
8,0.8763649061151848,0.8548809706847069,0.7421756983552183,0.7359878035269463,0.6511770801653545,0.5,0.5929079023258874,0.6150690343471906
9,0.8880850201061061,0.8653264657646577,0.7498334717881168,0.7453785796245894,0.6511770801653545,0.5,0.5929079023258874,0.6150690343471906
10,0.8942920059924082,0.8768834563345633,0.751491410448823,0.7433639098603327,0.6511770801653545,0.5,0.5929079023258874,0.6150690343471906
11,0.9001520629878688,0.8846158774087741,0.7613747871544558,0.7491041545851649,0.6511770801653545,0.5,0.5929079023258874,0.6150690343471906
12,0.9030305590285992,0.9001880253177532,0.7546220949356147,0.7463431972547545,0.6511770801653545,0.5,0.5929079023258874,0.6150690343471906
13,0.9031561517926536,0.9000262658876589,0.7573430756544475,0.7439017347053424,0.6511770801653545,0.5,0.5929079023258874,0.6150690343471906
14,0.9048513725092646,0.8976383123206232,0.7588747221342537,0.7443792450574795,0.6511770801653545,0.5,0.5929079023258874,0.6150690343471906
15,0.8968179411797835,0.8827708589585896,0.7531663308564461,0.7433388531383582,0.6511770801653545,0.5,0.5929079023258874,0.6150690343471906
16,0.8996006938577816,0.8823368311808117,0.7554325526319413,0.7449154013722086,0.6511770801653545,0.5,0.5929079023258874,0.6150690343471906
17,0.900317079489519,0.8976383123206232,0.7541918906803866,0.7443480550483352,0.6511770801653545,0.5,0.5929079023258874,0.6150690343471906
18,0.911303911961162,0.8976110854858549,0.7624628428668249,0.751463312563315,0.6511770801653545,0.5,0.5929079023258874,0.6150690343471906
19,0.9030491445048942,0.8899603449159492,0.7585364640943145,0.7488624363294598,0.6511770801653545,0.5,0.5929079023258874,0.6150690343471906
20,0.8984512103087442,0.8810075210127102,0.7511080972335051,0.7412754680434566,0.6511770801653545,0.5,0.5929079023258874,0.6150690343471906
21,0.8941213575282443,0.881359868286183,0.7491243691128031,0.740974499702127,0.6511770801653545,0.5,0.5929079023258874,0.6150690343471906
22,0.9007896011444148,0.8953048124231242,0.7556592819015885,0.7480184476850397,0.6511770801653545,0.5,0.5929079023258874,0.6150690343471906
23,0.9069796911431758,0.9003786131611315,0.7584503314500424,0.7508962999454978,0.6511770801653545,0.5,0.5929079023258874,0.6150690343471906
24,0.9176477545365458,0.9059408953464534,0.769410136726011,0.7581521109991955,0.6511770801653545,0.5,0.5929079023258874,0.6150690343471906
25,0.9148143141959247,0.9098471453464534,0.771842810219034,0.7613230664944528,0.6511770801653545,0.5,0.5929079023258874,0.6150690343471906
26,0.9213963887856362,0.9142146499589996,0.771468370348952,0.7625386656001574,0.6511770801653545,0.5,0.5929079023258874,0.6150690343471906
27,0.9237573074713614,0.9228423534235343,0.771788805204064,0.7649568032469554,0.6511770801653545,0.5,0.5929079023258874,0.6150690343471906
28,0.9158551008684486,0.9134282749077491,0.7710885758739863,0.763661362090541,0.6511770801653545,0.5,0.5929079023258874,0.6150690343471906
29,0.9154856441275527,0.9063749231242313,0.7746226915915875,0.7658912952752239,0.6511770801653545,0.5,0.5929079023258874,0.6150690343471906
30,0.9247023507811531,0.9198313858138581,0.7783563045882844,0.769168150661334,0.6511770801653545,0.5,0.5929079023258874,0.6150690343471906
31,0.9248842631703443,0.920942881303813,0.7761307013155498,0.7703487624131173,0.6511770801653545,0.5,0.5929079023258874,0.6150690343471906
32,0.9228364816003785,0.9148664924149241,0.7802699638793653,0.77264453925481,0.6511770801653545,0.5,0.5929079023258874,0.6150690343471906
33,0.921351333085527,0.9139712100246002,0.7816123633237104,0.7729729635495867,0.6511770801653545,0.5,0.5929079023258874,0.6150690343471906
34,0.9241509816510661,0.9144596914719147,0.7814838528065013,0.7718838562998203,0.6511770801653545,0.5,0.5929079023258874,0.6150690343471906
35,0.9250830714470764,0.9151643860188602,0.782422362053904,0.76984932527167,0.6511770801653545,0.5,0.5929079023258874,0.6150690343471906
36,0.9232622579664109,0.9138350758507585,0.7798816785309413,0.7696707177354458,0.6511770801653545,0.5,0.5929079023258874,0.6150690343471906
37,0.9215951970623684,0.9123696315088151,0.7820778314768153,0.7720144792065915,0.6511770801653545,0.5,0.5929079023258874,0.6150690343471906
38,0.9254187364128905,0.9241172099220992,0.779152457840136,0.7674510488887658,0.6511770801653545,0.5,0.5929079023258874,0.6150690343471906
39,0.9237009878462249,0.9237104089790897,0.7773142219835598,0.7655148863509942,0.6511770801653545,0.5,0.5929079023258874,0.6150690343471906
40,0.9262776106962232,0.9222721914719147,0.7777341759951533,0.7635601973735539,0.6511770801653545,0.5,0.5929079023258874,0.6150690343471906
41,0.9238941641604433,0.9211334691471915,0.7795617026419621,0.7644017867865014,0.6511770801653545,0.5,0.5929079023258874,0.6150690343471906
42,0.9284678809177846,0.924632918204182,0.7799115878239344,0.7640730287856685,0.6511770801653545,0.5,0.5929079023258874,0.6150690343471906
