layer,role,variety,n,p_own_label,ci_lo,ci_hi,acc_own_label
0,matrix,MSA,7296,0.5839472413063049,0.5772982008897253,0.5904201567671993,0.5863486842105263
0,matrix,EGY,6824,0.5810854434967041,0.5738180404520454,0.5877058390573419,0.6408264947245017
0,matrix,all,14120,0.5825642347335815,0.5777394783814652,0.5868894799053459,0.6126770538243627
0,embedded,MSA,2024,0.5682550072669983,0.5562669935433366,0.5796129365256367,0.5731225296442688
0,embedded,EGY,2079,0.576852560043335,0.5639804953356063,0.5892159780861161,0.6493506493506493
0,embedded,all,4103,0.572611391544342,0.5632162897596937,0.580943615403465,0.6117475018279308
1,matrix,MSA,7296,0.6704095005989075,0.6551618628267374,0.6867497817238806,0.7049067982456141
1,matrix,EGY,6824,0.6792064309120178,0.6608616393610155,0.6957568095220836,0.7120457209847597
1,matrix,all,14120,0.6746609807014465,0.6629641472072896,0.6865254024276273,0.708356940509915
1,embedded,MSA,2024,0.5311523675918579,0.5065548179098474,0.5548022681788322,0.532608695652174
1,embedded,EGY,2079,0.5658329129219055,0.5386973406326265,0.5895341657918033,0.5752765752765753
1,embedded,all,4103,0.5487250685691833,0.5312451151690664,0.5649558294903241,0.5542286132098464
2,matrix,MSA,7296,0.6809702515602112,0.6659351069084078,0.6971378281912656,0.7095668859649122
2,matrix,EGY,6824,0.6932691931724548,0.6760182901701953,0.7101331840517628,0.7187866354044549
2,matrix,all,14120,0.6869142055511475,0.6749203420482373,0.6990396329911789,0.7140226628895184
2,embedded,MSA,2024,0.5327284932136536,0.5071138564097741,0.5588438449578408,0.5360671936758893
2,embedded,EGY,2079,0.571310818195343,0.5458087399914753,0.5965285088073247,0.5815295815295816
2,embedded,all,4103,0.5522782802581787,0.5337559582250418,0.5697051451243978,0.5591030952961248
3,matrix,MSA,7296,0.68007892370224,0.6664277739904737,0.6957034236060062,0.7049067982456141
3,matrix,EGY,6824,0.6859169602394104,0.6690928067269646,0.7012462882362044,0.7031066822977726
3,matrix,all,14120,0.6829003095626831,0.6721309843916277,0.6936940758891174,0.7040368271954675
3,embedded,MSA,2024,0.55424565076828,0.530616860946401,0.5765388575441049,0.5503952569169961
3,embedded,EGY,2079,0.6034332513809204,0.5806865293796717,0.6254466051104525,0.6089466089466089
3,embedded,all,4103,0.5791690945625305,0.5619111600302905,0.595408397514169,0.5800633682671216
4,matrix,MSA,7296,0.7181783318519592,0.7036557958263879,0.7349984805940191,0.7390350877192983
4,matrix,EGY,6824,0.7298024296760559,0.7114573059267786,0.7462781750999208,0.7412075029308324
4,matrix,all,14120,0.7237961292266846,0.7113669578304771,0.7364092691035679,0.740084985835694
4,embedded,MSA,2024,0.5448495745658875,0.5195702586639827,0.5714695327510875,0.5449604743083004
4,embedded,EGY,2079,0.6346077919006348,0.6100546711469242,0.6576863390213675,0.645021645021645
4,embedded,all,4103,0.5903303027153015,0.5716857464025112,0.6080304954137175,0.5956617109432123
5,matrix,MSA,7296,0.7415094375610352,0.7235068766264443,0.7613641837152572,0.7580866228070176
5,matrix,EGY,6824,0.7980028390884399,0.777523706783903,0.8157476652588923,0.8065650644783119
5,matrix,all,14120,0.768811821937561,0.7546582420231434,0.7825843576310477,0.7815155807365439
5,embedded,MSA,2024,0.48877185583114624,0.4559029167003612,0.5226997470086041,0.48616600790513836
5,embedded,EGY,2079,0.6109511852264404,0.581038632245012,0.6399865678956118,0.6094276094276094
5,embedded,all,4103,0.55068039894104,0.5276355123973122,0.5721625774957482,0.5486229588106264
6,matrix,MSA,7296,0.7386212348937988,0.7207683209067248,0.7586702252313814,0.7564418859649122
6,matrix,EGY,6824,0.7991887331008911,0.7798183473660797,0.8167388539202324,0.8106682297772567
6,matrix,all,14120,0.7678926587104797,0.7541379342433889,0.7812984180398281,0.7826487252124645
6,embedded,MSA,2024,0.49729207158088684,0.4673480904175702,0.5294991741931838,0.4980237154150198
6,embedded,EGY,2079,0.6380113363265991,0.6079159484802347,0.6645813509612544,0.6440596440596441
6,embedded,all,4103,0.5685948729515076,0.5454360311560542,0.5897009637571666,0.5720204728247623
7,matrix,MSA,7296,0.7472518086433411,0.7288849218123158,0.7664880741819841,0.7613760964912281
7,matrix,EGY,6824,0.8056166768074036,0.7855294386106899,0.8234378773519258,0.8137456037514654
7,matrix,all,14120,0.775458812713623,0.7617434206604483,0.7887434412800342,0.786685552407932
7,embedded,MSA,2024,0.48352596163749695,0.4512085857903457,0.5161862644854095,0.4841897233201581
7,embedded,EGY,2079,0.6266533136367798,0.5957747830963505,0.6570972397961603,0.6277056277056277
7,embedded,all,4103,0.5560489296913147,0.5326050913702476,0.5783446066652247,0.5569095783572995
8,matrix,MSA,7296,0.7449526786804199,0.7271274909046151,0.7635178434301131,0.7576754385964912
8,matrix,EGY,6824,0.8052194118499756,0.7859259524998919,0.8224242631963792,0.809495896834701
8,matrix,all,14120,0.7740787863731384,0.7605867453898775,0.7879205831298716,0.7827195467422097
8,embedded,MSA,2024,0.5087538361549377,0.47809892763052336,0.5404137999205255,0.5133399209486166
8,embedded,EGY,2079,0.6425761580467224,0.6125750722719951,0.6725542336541769,0.6416546416546417
8,embedded,all,4103,0.5765619277954102,0.5534636297422507,0.5988903336203307,0.5783572995369242
9,matrix,MSA,7296,0.7467431426048279,0.7278679500143415,0.7657697545262887,0.759046052631579
9,matrix,EGY,6824,0.8191689848899841,0.8001980611532282,0.8351842462626965,0.8241500586166471
9,matrix,all,14120,0.7817455530166626,0.7687255362865334,0.794880662467936,0.7905099150141643
9,embedded,MSA,2024,0.5168754458427429,0.48487743863875293,0.5482850668482642,0.5217391304347826
9,embedded,EGY,2079,0.6634460091590881,0.6325242493115258,0.6916133158347423,0.6666666666666666
9,embedded,all,4103,0.5911430716514587,0.5677570901569416,0.6127957358810527,0.5951742627345844
10,matrix,MSA,7296,0.7462500929832458,0.7267545589181547,0.7662276672753592,0.7569901315789473
10,matrix,EGY,6824,0.8159590363502502,0.7975073425744315,0.8337155843280035,0.8234173505275498
10,matrix,all,14120,0.7799394130706787,0.766375491939191,0.7940623783608007,0.7890934844192634
10,embedded,MSA,2024,0.5136265158653259,0.48145112032702114,0.544783407362787,0.5138339920948617
10,embedded,EGY,2079,0.66225665807724,0.6312013752400277,0.6908845207327443,0.6666666666666666
10,embedded,all,4103,0.5889377593994141,0.5654766772551394,0.612636194552238,0.5912746770655618
11,matrix,MSA,7296,0.7480412125587463,0.7286820458292116,0.7679512847836659,0.760827850877193
11,matrix,EGY,6824,0.8300553560256958,0.8123234560648059,0.846432727987328,0.8385111371629543
11,matrix,all,14120,0.7876774668693542,0.7743350375143652,0.8016997680890715,0.798371104815864
11,embedded,MSA,2024,0.4931066930294037,0.4613823061446076,0.5258088568332319,0.4935770750988142
11,embedded,EGY,2079,0.6633321046829224,0.6321849776632162,0.6914818822361601,0.669071669071669
11,embedded,all,4103,0.57936030626297,0.5551152358704052,0.6031831497544302,0.5825006093102608
12,matrix,MSA,7296,0.7418411374092102,0.7231317627207092,0.763084869009975,0.756578947368421
12,matrix,EGY,6824,0.8306581377983093,0.8128992235405227,0.8474364360671024,0.8352872215709262
12,matrix,all,14120,0.7847651243209839,0.7710958309383235,0.7987019661131249,0.7946175637393768
12,embedded,MSA,2024,0.48190391063690186,0.4508190151140415,0.5142537351952186,0.48863636363636365
12,embedded,EGY,2079,0.6642105579376221,0.6307377030257008,0.6902983025205207,0.6758056758056759
12,embedded,all,4103,0.5742791891098022,0.5486695568343464,0.5969655407743315,0.5834755057275165
13,matrix,MSA,7296,0.7428812384605408,0.7234462582605404,0.7638316715378715,0.7560307017543859
13,matrix,EGY,6824,0.8325765132904053,0.8137227520238741,0.8496067198908681,0.8396834701055099
13,matrix,all,14120,0.7862297296524048,0.7729345947835972,0.8005209011829968,0.7964589235127478
13,embedded,MSA,2024,0.4686605930328369,0.4342131585645037,0.503562610992528,0.475296442687747
13,embedded,EGY,2079,0.654001772403717,0.622324778247776,0.683249655903017,0.656084656084656
13,embedded,all,4103,0.5625733137130737,0.5360099799115514,0.5866989363378116,0.5669022666341701
14,matrix,MSA,7296,0.7381532788276672,0.7186139954917933,0.7595150696504046,0.7498629385964912
14,matrix,EGY,6824,0.8326600790023804,0.8136898788655305,0.8487560596766495,0.8411488862837045
14,matrix,all,14120,0.7838271260261536,0.7700396491899036,0.798053555688111,0.7939801699716714
14,embedded,MSA,2024,0.4761640131473541,0.44276339784767227,0.5101961197053718,0.48122529644268774
14,embedded,EGY,2079,0.6680859327316284,0.6376861277733264,0.6966835404481582,0.6748436748436748
14,embedded,all,4103,0.5734113454818726,0.5478778236229148,0.5980132357132156,0.5793321959541798
15,matrix,MSA,7296,0.7391266226768494,0.7189225650135663,0.7609303690588879,0.7498629385964912
15,matrix,EGY,6824,0.8283160328865051,0.810458380822667,0.8441963212868925,0.8355803048065651
15,matrix,all,14120,0.7822306156158447,0.768448653947188,0.7965940672945375,0.7912889518413597
15,embedded,MSA,2024,0.48912209272384644,0.45496342176155496,0.5248695224432689,0.4990118577075099
15,embedded,EGY,2079,0.6626661419868469,0.6333476595393394,0.6892596052160984,0.6628186628186629
15,embedded,all,4103,0.5770572423934937,0.552237772433337,0.5997098451762346,0.5820131611016329
16,matrix,MSA,7296,0.7399767637252808,0.7200991940761551,0.762917990575307,0.7513706140350878
16,matrix,EGY,6824,0.8321583271026611,0.8150154631974085,0.8485909981079142,0.8408558030480656
16,matrix,all,14120,0.7845268845558167,0.7703572586067244,0.7984074827702734,0.7946175637393768
16,embedded,MSA,2024,0.47981545329093933,0.446175620904995,0.5143509281332374,0.48023715415019763
16,embedded,EGY,2079,0.6616652011871338,0.6294741837568482,0.6885956384915056,0.6642616642616642
16,embedded,all,4103,0.5719591975212097,0.5457845864726792,0.5958711794288717,0.5734828174506459
17,matrix,MSA,7296,0.7389695048332214,0.7192323122525063,0.7596858957223128,0.7495888157894737
17,matrix,EGY,6824,0.8330932259559631,0.8154006478263526,0.8493874611461886,0.8414419695193435
17,matrix,all,14120,0.7844582200050354,0.7703655760572572,0.7978257929868484,0.7939801699716714
17,embedded,MSA,2024,0.47722363471984863,0.44352233166853017,0.510592282351226,0.47875494071146246
17,embedded,EGY,2079,0.6611536145210266,0.6294416751620502,0.6901837515024017,0.6657046657046657
17,embedded,all,4103,0.5704213976860046,0.5452009182195706,0.5940784864003235,0.5734828174506459
18,matrix,MSA,7296,0.7409256100654602,0.7212645995497751,0.7622001096310758,0.7543859649122807
18,matrix,EGY,6824,0.8424358367919922,0.8250301638626366,0.8578652526672348,0.8519929660023446
18,matrix,all,14120,0.7899841666221619,0.7765487390398811,0.8036933550355466,0.8015580736543909
18,embedded,MSA,2024,0.4827297627925873,0.4474495124280945,0.5175904213491094,0.48962450592885376
18,embedded,EGY,2079,0.6681061387062073,0.6364421085728035,0.6959331289097681,0.6671476671476672
18,embedded,all,4103,0.5766604542732239,0.5526103997211106,0.6001401523778722,0.5795759200584938
19,matrix,MSA,7296,0.7358846068382263,0.7164512634707263,0.7574349712993147,0.7478070175438597
19,matrix,EGY,6824,0.8386408686637878,0.8197191996455708,0.8544524009134756,0.8475967174677609
19,matrix,all,14120,0.785545289516449,0.7717943076643033,0.7990231169472249,0.7960339943342776
19,embedded,MSA,2024,0.4822554290294647,0.44718370572970995,0.5182643361296527,0.48764822134387353
19,embedded,EGY,2079,0.6750845313072205,0.6437048746257085,0.7008293279387121,0.6835016835016835
19,embedded,all,4103,0.579962432384491,0.5565030402280402,0.6029314399720026,0.5868876431879113
20,matrix,MSA,7296,0.7278546690940857,0.708850399230447,0.7483757655789675,0.7350603070175439
20,matrix,EGY,6824,0.8337016105651855,0.8154733538709917,0.848849700965205,0.8423212192262602
20,matrix,all,14120,0.7790090441703796,0.765224670300852,0.7929704723332948,0.7868980169971671
20,embedded,MSA,2024,0.4883735775947571,0.45563437959307973,0.5228477647207095,0.49209486166007904
20,embedded,EGY,2079,0.6680251955986023,0.6371134547962826,0.69518858858276,0.6738816738816739
20,embedded,all,4103,0.5794034600257874,0.556152230452309,0.6023407120897598,0.5842066780404582
21,matrix,MSA,7296,0.7275533676147461,0.708566776075933,0.7491034073140214,0.737390350877193
21,matrix,EGY,6824,0.8326804041862488,0.8148650902529089,0.8479501164492785,0.8402696365767878
21,matrix,all,14120,0.7783598303794861,0.7647770270545052,0.7917398192469987,0.7871104815864023
21,embedded,MSA,2024,0.49698787927627563,0.4607132074367962,0.5310477674222595,0.5044466403162056
21,embedded,EGY,2079,0.6624645590782166,0.63127978048378,0.6900571309504703,0.6652236652236653
21,embedded,all,4103,0.580835223197937,0.557334934319401,0.6038137495652732,0.5859127467706556
22,matrix,MSA,7296,0.7340284585952759,0.7156324491508667,0.7545339857750755,0.7449287280701754
22,matrix,EGY,6824,0.8412246704101562,0.822370737659846,0.85726460168616,0.8511137162954279
22,matrix,all,14120,0.7858348488807678,0.7719560241759318,0.7997625318203011,0.7962464589235128
22,embedded,MSA,2024,0.4902315139770508,0.45690933774636183,0.5241545243150706,0.49061264822134387
22,embedded,EGY,2079,0.6670975089073181,0.6338115354472226,0.6932058993152735,0.6705146705146705
22,embedded,all,4103,0.579849898815155,0.5565150701975123,0.6030037967459528,0.5817694369973191
23,matrix,MSA,7296,0.7412732243537903,0.7211992364753121,0.7619110608204979,0.7541118421052632
23,matrix,EGY,6824,0.8410564661026001,0.8221336557601177,0.85685813591434,0.8525791324736225
23,matrix,all,14120,0.7894971370697021,0.7755466920089286,0.8029384904423398,0.8016997167138811
23,embedded,MSA,2024,0.4771352708339691,0.4423987288155226,0.5106047857574861,0.47381422924901184
23,embedded,EGY,2079,0.6769519448280334,0.6451018520381578,0.7029242110256432,0.6791726791726792
23,embedded,all,4103,0.5783829092979431,0.5536250343179829,0.6024634514695383,0.5778698513282964
24,matrix,MSA,7296,0.7556605935096741,0.7355447018227442,0.776618660423049,0.7676809210526315
24,matrix,EGY,6824,0.8550066351890564,0.8382169687953355,0.8696001442497426,0.8650351699882767
24,matrix,all,14120,0.8036731481552124,0.7896927626687249,0.8169761568759775,0.8147308781869689
24,embedded,MSA,2024,0.4544338881969452,0.42006099770204597,0.48846113817980485,0.45800395256917
24,embedded,EGY,2079,0.6725772619247437,0.6376841145612508,0.7017394967185449,0.6714766714766714
24,embedded,all,4103,0.5649675726890564,0.5393494284730479,0.5901957318441304,0.5661710943212284
25,matrix,MSA,7296,0.7566968202590942,0.7368930660391346,0.7776302741096647,0.7674067982456141
25,matrix,EGY,6824,0.854896605014801,0.8378294495706747,0.8692135992255602,0.8644490035169988
25,matrix,all,14120,0.8041554689407349,0.7898588089981444,0.8181870606031294,0.8143059490084986
25,embedded,MSA,2024,0.4756619334220886,0.4413148300254603,0.5099926586693908,0.4792490118577075
25,embedded,EGY,2079,0.6747901439666748,0.6412026487051437,0.7021869911013111,0.6796536796536796
25,embedded,all,4103,0.5765606760978699,0.5520348653044226,0.6012928065592874,0.5807945405800634
26,matrix,MSA,7296,0.7627519369125366,0.7444044428993182,0.7839580078012504,0.7734375
26,matrix,EGY,6824,0.859041690826416,0.8408987827463084,0.8734126488510764,0.8640093786635404
26,matrix,all,14120,0.809287428855896,0.7954131613662657,0.823201460679879,0.8172096317280453
26,embedded,MSA,2024,0.4769390821456909,0.4405676289206535,0.5119936479275881,0.47677865612648224
26,embedded,EGY,2079,0.6702746152877808,0.6364457615095673,0.6982381059885592,0.669071669071669
26,embedded,all,4103,0.5749026536941528,0.5499557829740808,0.6003876948954617,0.5742139897635876
27,matrix,MSA,7296,0.7613047361373901,0.7428480991828005,0.7823587127302637,0.7728892543859649
27,matrix,EGY,6824,0.8586785197257996,0.8409721992688856,0.8735876905210613,0.8660609613130129
27,matrix,all,14120,0.8083641529083252,0.7942188726779111,0.8224142552000462,0.8179178470254957
27,embedded,MSA,2024,0.47727957367897034,0.44008921363027764,0.5123010018188714,0.4797430830039526
27,embedded,EGY,2079,0.682586669921875,0.6515829742387167,0.7107410826215212,0.6854256854256854
27,embedded,all,4103,0.5813091397285461,0.5563196207860028,0.6059899884255883,0.5839629539361443
28,matrix,MSA,7296,0.7626360058784485,0.7437058071672862,0.784389627771454,0.7742598684210527
28,matrix,EGY,6824,0.8514485359191895,0.8324137024729641,0.8670072534867476,0.8601992966002344
28,matrix,all,14120,0.8055578470230103,0.7912707923796478,0.819188356626739,0.8157932011331445
28,embedded,MSA,2024,0.48857375979423523,0.45177763597862575,0.5236400054910666,0.49110671936758893
28,embedded,EGY,2079,0.6770652532577515,0.644643449359449,0.7064378663476438,0.6748436748436748
28,embedded,all,4103,0.584082841873169,0.5590329315137903,0.6086730818098839,0.5842066780404582
29,matrix,MSA,7296,0.7642467617988586,0.744371258606424,0.7853586945429045,0.7739857456140351
29,matrix,EGY,6824,0.8540651798248291,0.8367415830990454,0.8688320504274024,0.8632766705744431
29,matrix,all,14120,0.8076547384262085,0.7934465661514647,0.8210898487813262,0.8171388101983003
29,embedded,MSA,2024,0.4823964238166809,0.44584943750072165,0.5171792000025586,0.48616600790513836
29,embedded,EGY,2079,0.6901719570159912,0.6579498944647387,0.7195512075562033,0.6902356902356902
29,embedded,all,4103,0.5876767635345459,0.5620776587426862,0.6122613491324492,0.5895686083353644
30,matrix,MSA,7296,0.7687443494796753,0.7494444967361708,0.7906694892252636,0.7804276315789473
30,matrix,EGY,6824,0.8715712428092957,0.853782711277687,0.8863765917203399,0.8767584994138335
30,matrix,all,14120,0.8184391856193542,0.8041704466224212,0.8322103379380041,0.8269830028328612
30,embedded,MSA,2024,0.4552198052406311,0.4182277400052856,0.4919751390104765,0.4535573122529644
30,embedded,EGY,2079,0.684436559677124,0.6495374497175248,0.7156454695112452,0.6815776815776816
30,embedded,all,4103,0.5713644623756409,0.5454123311114597,0.5969269281494806,0.5690957835729954
31,matrix,MSA,7296,0.7645538449287415,0.7457106358641306,0.785784215532453,0.7774122807017544
31,matrix,EGY,6824,0.8718147277832031,0.8542113302652543,0.8864412715097519,0.8783704572098476
31,matrix,all,14120,0.8163915276527405,0.8028777262532331,0.8304856126840741,0.8262039660056657
31,embedded,MSA,2024,0.45787638425827026,0.42274255779482317,0.4920800394140673,0.45652173913043476
31,embedded,EGY,2079,0.6946830749511719,0.6591270439628315,0.7237563411988908,0.6921596921596922
31,embedded,all,4103,0.5778668522834778,0.5517520494348851,0.6040560653170012,0.575920058493785
32,matrix,MSA,7296,0.7653704881668091,0.7454189827648868,0.7871830775695124,0.7791940789473685
32,matrix,EGY,6824,0.8702377676963806,0.8524863035872934,0.8850930958053655,0.8779308323563892
32,matrix,all,14120,0.8160513639450073,0.8023293951547044,0.8292966379185498,0.8269121813031162
32,embedded,MSA,2024,0.4720851480960846,0.4356139159186857,0.506834906566456,0.47480237154150196
32,embedded,EGY,2079,0.6933394074440002,0.6586147825044446,0.7238207374747834,0.6974506974506974
32,embedded,all,4103,0.5841951966285706,0.5572509529854606,0.6098272987394664,0.587618815500853
33,matrix,MSA,7296,0.7685214877128601,0.7492462598936461,0.7890491291851126,0.784265350877193
33,matrix,EGY,6824,0.8671186566352844,0.8496458770290611,0.8820147567624643,0.8747069167643611
33,matrix,all,14120,0.8161720633506775,0.802931861023582,0.8291290758598976,0.8279745042492918
33,embedded,MSA,2024,0.4764379858970642,0.4424981551987922,0.5089764630994176,0.48122529644268774
33,embedded,EGY,2079,0.6901662945747375,0.6553172476878679,0.7198784316434588,0.6854256854256854
33,embedded,all,4103,0.5847345590591431,0.5584470893107122,0.6103473993614352,0.584694126249086
34,matrix,MSA,7296,0.7648276686668396,0.7459666079245687,0.7859162514060251,0.7802905701754386
34,matrix,EGY,6824,0.8705669045448303,0.8528816769499059,0.8853956652485441,0.8776377491207503
34,matrix,all,14120,0.8159299492835999,0.8024926692645891,0.8291763284121604,0.8273371104815864
34,embedded,MSA,2024,0.4726910889148712,0.4368219245323124,0.5060585344586265,0.47282608695652173
34,embedded,EGY,2079,0.6873273253440857,0.6525169608258123,0.7169587422450797,0.6883116883116883
34,embedded,all,4103,0.5814477801322937,0.55597532942678,0.6077768608481069,0.5820131611016329
35,matrix,MSA,7296,0.7654598355293274,0.7468876670220082,0.7871364938738971,0.780016447368421
35,matrix,EGY,6824,0.8666016459465027,0.8482725976968616,0.8821981501492951,0.8722157092614302
35,matrix,all,14120,0.8143402338027954,0.8002258171141537,0.8274470721441906,0.8245750708215297
35,embedded,MSA,2024,0.4714227616786957,0.43547557112116814,0.5061787127338344,0.48122529644268774
35,embedded,EGY,2079,0.6758663654327393,0.6411002383287069,0.7066825227446664,0.6782106782106783
35,embedded,all,4103,0.5750148296356201,0.5487393564922616,0.6011855222122297,0.5810382646843772
36,matrix,MSA,7296,0.7669259905815125,0.7479210298051946,0.7887426174430262,0.7809758771929824
36,matrix,EGY,6824,0.8670084476470947,0.8488279563471524,0.882758225828581,0.8723622508792497
36,matrix,all,14120,0.8152945041656494,0.8012183860980848,0.8284943434656414,0.8251416430594901
36,embedded,MSA,2024,0.4674152433872223,0.4319259376954924,0.5020749037166503,0.4723320158102767
36,embedded,EGY,2079,0.6846907734870911,0.6511709316251313,0.7160048162005277,0.6844636844636844
36,embedded,all,4103,0.5775092840194702,0.5496836361555805,0.6033983819634359,0.5798196441628077
37,matrix,MSA,7296,0.76905757188797,0.7503880851114938,0.7910523024271321,0.7838541666666666
37,matrix,EGY,6824,0.8672279119491577,0.8495554731040789,0.881949059858556,0.8733880422039859
37,matrix,all,14120,0.8165019154548645,0.8018463236733894,0.8295338084282781,0.8271246458923512
37,embedded,MSA,2024,0.4707215428352356,0.43613859380468567,0.5051980366759415,0.4723320158102767
37,embedded,EGY,2079,0.6871836185455322,0.6525816806051036,0.7170451167259609,0.6883116883116883
37,embedded,all,4103,0.5804033875465393,0.5525682781967043,0.6055127159035806,0.5817694369973191
38,matrix,MSA,7296,0.7674881815910339,0.7484266213077236,0.7892179997313388,0.7802905701754386
38,matrix,EGY,6824,0.8689465522766113,0.8512273909931563,0.8838725794953487,0.8754396248534584
38,matrix,all,14120,0.8165215849876404,0.802063597112145,0.8299192117131184,0.8262747875354107
38,embedded,MSA,2024,0.4506276845932007,0.413103662954682,0.4856887889793087,0.4525691699604743
38,embedded,EGY,2079,0.667567789554596,0.6317462057169193,0.6993649614807098,0.6714766714766714
38,embedded,all,4103,0.5605518221855164,0.5319858632498791,0.5869537827080763,0.5634901291737753
39,matrix,MSA,7296,0.7658759951591492,0.746605437125637,0.7879939817162253,0.7780975877192983
39,matrix,EGY,6824,0.8694636225700378,0.851011691886418,0.8845531785600147,0.8739742086752638
39,matrix,all,14120,0.815938413143158,0.8014500167770988,0.829793019237134,0.8244334277620397
39,embedded,MSA,2024,0.4522920846939087,0.4158253664039896,0.4871152646114136,0.45306324110671936
39,embedded,EGY,2079,0.6675602197647095,0.6320519955812676,0.6982133870478284,0.6676286676286677
39,embedded,all,4103,0.561369001865387,0.5322597011457796,0.586878995523779,0.5617840604435779
40,matrix,MSA,7296,0.7616787552833557,0.7418214622610971,0.78451052439111,0.7733004385964912
40,matrix,EGY,6824,0.8733724355697632,0.855129799574209,0.8885856055252059,0.878810082063306
40,matrix,all,14120,0.8156587481498718,0.8012540279937124,0.8301803814947935,0.8242917847025496
40,embedded,MSA,2024,0.442288875579834,0.40583809341576027,0.4777401914904666,0.44466403162055335
40,embedded,EGY,2079,0.6608825922012329,0.6245094445861101,0.6919113714153768,0.6618566618566618
40,embedded,all,4103,0.5530508160591125,0.5233025853185062,0.5792735794488633,0.5547160614184743
41,matrix,MSA,7296,0.7602227926254272,0.7400117664332994,0.7830950936293694,0.7748081140350878
41,matrix,EGY,6824,0.8717582821846008,0.853489380365179,0.8871268540708335,0.878810082063306
41,matrix,all,14120,0.8141263127326965,0.7993745073422382,0.8280888218907864,0.8250708215297451
41,embedded,MSA,2024,0.44434455037117004,0.40853828556989336,0.47901434085774813,0.4481225296442688
41,embedded,EGY,2079,0.6630550026893616,0.6262249870846728,0.6951017501464372,0.6613756613756614
41,embedded,all,4103,0.5551656484603882,0.526373563223756,0.5819458659520408,0.5561784060443578
42,matrix,MSA,7296,0.7570888996124268,0.735915665435817,0.7810138437192082,0.7717927631578947
42,matrix,EGY,6824,0.8746142983436584,0.8560683739703814,0.8901627347853591,0.8802754982415005
42,matrix,all,14120,0.8138872981071472,0.7989967098763313,0.8283493943143727,0.8242209631728046
42,embedded,MSA,2024,0.440387099981308,0.4037517255515423,0.476593003100137,0.44466403162055335
42,embedded,EGY,2079,0.6640855669975281,0.6280807008907627,0.6950413178848841,0.6652236652236653
42,embedded,all,4103,0.553735613822937,0.525156784233297,0.5807649535606489,0.5564221301486717
