layer,n_left_matrix,n,p_own_label
0,0,1273,0.5610025525093079
0,1,49,0.5965600609779358
0,2,86,0.6221235990524292
0,3+,2695,0.5760794878005981
1,0,1273,0.6148659586906433
1,1,49,0.5390511155128479
1,2,86,0.5521239638328552
1,3+,2695,0.5175504088401794
2,0,1273,0.6143656969070435
2,1,49,0.512050986289978
2,2,86,0.5958058834075928
2,3+,2695,0.5222933292388916
3,0,1273,0.6184357404708862
3,1,49,0.5405731797218323
3,2,86,0.5455501079559326
3,3+,2695,0.5623958110809326
4,0,1273,0.6412391066551208
4,1,49,0.5764735341072083
4,2,86,0.5884835720062256
4,3+,2695,0.566594123840332
5,0,1273,0.6743060350418091
5,1,49,0.582679808139801
5,2,86,0.5676389336585999
5,3+,2695,0.4911620616912842
6,0,1273,0.6814221143722534
6,1,49,0.5880782008171082
6,2,86,0.5179208517074585
6,3+,2695,0.5165630578994751
7,0,1273,0.6842640042304993
7,1,49,0.5335836410522461
7,2,86,0.47763630747795105
7,3+,2695,0.49839645624160767
8,0,1273,0.6944221258163452
8,1,49,0.578174352645874
8,2,86,0.5266244411468506
8,3+,2695,0.5224542021751404
9,0,1273,0.7164677977561951
9,1,49,0.5775736570358276
9,2,86,0.49279648065567017
9,3+,2695,0.5353302955627441
10,0,1273,0.7121344804763794
10,1,49,0.5091685652732849
10,2,86,0.4286368489265442
10,3+,2695,0.537310779094696
11,0,1273,0.7140282988548279
11,1,49,0.5186808705329895
11,2,86,0.37687695026397705
11,3+,2695,0.5233137607574463
12,0,1273,0.7067657709121704
12,1,49,0.5245716571807861
12,2,86,0.38805583119392395
12,3+,2695,0.518544614315033
13,0,1273,0.6964943408966064
13,1,49,0.5045505166053772
13,2,86,0.3762965202331543
13,3+,2695,0.506314218044281
14,0,1273,0.7034103870391846
14,1,49,0.4968320429325104
14,2,86,0.38641247153282166
14,3+,2695,0.519365131855011
15,0,1273,0.7032284736633301
15,1,49,0.5225571393966675
15,2,86,0.3747565746307373
15,3+,2695,0.5249059796333313
16,0,1273,0.7067362070083618
16,1,49,0.48466336727142334
16,2,86,0.35066500306129456
16,3+,2695,0.5169452428817749
17,0,1273,0.7023035883903503
17,1,49,0.5412129759788513
17,2,86,0.29787206649780273
17,3+,2695,0.5173543691635132
18,0,1273,0.7073609828948975
18,1,49,0.5620301961898804
18,2,86,0.3280629813671112
18,3+,2695,0.5231221318244934
19,0,1273,0.7012158036231995
19,1,49,0.5289027690887451
19,2,86,0.3558556139469147
19,3+,2695,0.5307674407958984
20,0,1273,0.6871552467346191
20,1,49,0.5037508010864258
20,2,86,0.36432740092277527
20,3+,2695,0.536745011806488
21,0,1273,0.6992769837379456
21,1,49,0.46930527687072754
21,2,86,0.3579084873199463
21,3+,2695,0.5340303182601929
22,0,1273,0.6950150728225708
22,1,49,0.5725986957550049
22,2,86,0.29800841212272644
22,3+,2695,0.5345766544342041
23,0,1273,0.6970735192298889
23,1,49,0.5386204719543457
23,2,86,0.31602856516838074
23,3+,2695,0.5314134955406189
24,0,1273,0.6989918947219849
24,1,49,0.5648922920227051
24,2,86,0.2790127992630005
24,3+,2695,0.5107868909835815
25,0,1273,0.7023425698280334
25,1,49,0.5246549248695374
25,2,86,0.3316865563392639
25,3+,2695,0.525904655456543
26,0,1273,0.710174560546875
26,1,49,0.5433603525161743
26,2,86,0.32410261034965515
26,3+,2695,0.5195828676223755
27,0,1273,0.7170353531837463
27,1,49,0.5331986546516418
27,2,86,0.3444019556045532
27,3+,2695,0.5256327390670776
28,0,1273,0.7146102786064148
28,1,49,0.5492035746574402
28,2,86,0.32358476519584656
28,3+,2695,0.5313743352890015
29,0,1273,0.7019703388214111
29,1,49,0.525346040725708
29,2,86,0.32545822858810425
29,3+,2695,0.5431904792785645
30,0,1273,0.7194381952285767
30,1,49,0.5446211099624634
30,2,86,0.31900957226753235
30,3+,2695,0.5099600553512573
31,0,1273,0.7150254845619202
31,1,49,0.5382644534111023
31,2,86,0.3495035469532013
31,3+,2695,0.521086573600769
32,0,1273,0.7238840460777283
32,1,49,0.5220679044723511
32,2,86,0.33983105421066284
32,3+,2695,0.5271397829055786
33,0,1273,0.7210293412208557
33,1,49,0.5415575504302979
33,2,86,0.32321691513061523
33,3+,2695,0.529485285282135
34,0,1273,0.7262248396873474
34,1,49,0.5177606344223022
34,2,86,0.3199056386947632
34,3+,2695,0.522565484046936
35,0,1273,0.7227006554603577
35,1,49,0.5374641418457031
35,2,86,0.31894972920417786
35,3+,2695,0.5141085386276245
36,0,1273,0.7252386808395386
36,1,49,0.5417632460594177
36,2,86,0.3266986310482025
36,3+,2695,0.5163819789886475
37,0,1273,0.7269030213356018
37,1,49,0.5118018388748169
37,2,86,0.3187461793422699
37,3+,2695,0.5208004117012024
38,0,1273,0.7315195202827454
38,1,49,0.4904279112815857
38,2,86,0.33003872632980347
38,3+,2695,0.48842501640319824
39,0,1273,0.7311479449272156
39,1,49,0.49526655673980713
39,2,86,0.3266790509223938
39,3+,2695,0.48986387252807617
40,0,1273,0.7337137460708618
40,1,49,0.5043434500694275
40,2,86,0.3343173563480377
40,3+,2695,0.4755792021751404
41,0,1273,0.7353631854057312
41,1,49,0.49489477276802063
41,2,86,0.34187400341033936
41,3+,2695,0.47795042395591736
42,0,1273,0.7351556420326233
42,1,49,0.5006096959114075
42,2,86,0.32594868540763855
42,3+,2695,0.47627559304237366
