group,condition,n_items,flip_rate,D_to_matrix,d_own_logit,d_own_logit_lo,d_own_logit_hi,d_D_to_matrix,d_D_to_matrix_lo,d_D_to_matrix_hi,d_cont_lp_matrix,d_cont_lp_matrix_lo,d_cont_lp_matrix_hi,d_cont_lp_own,d_cont_lp_own_lo,d_cont_lp_own_hi,d_cont_lp_all,d_cont_lp_all_lo,d_cont_lp_all_hi,d_own_logit_sd
MSA_in_EGY,baseline,193,0.5544041450777202,-1.7071696501321743,0.0,0.0,0.0,0.0,0.0,0.0,0.0,0.0,0.0,0.0,0.0,0.0,0.0,0.0,0.0,0.0
MSA_in_EGY,top1,193,0.49222797927461137,-1.7982801513968354,0.9633592781007598,0.5465884997124516,1.3773178909399,-0.09111050126466108,-0.12777566293547565,-0.05309681012914443,0.005485777501706724,-0.009485436160609408,0.021420571331320134,0.012797967903316021,0.0026984086277461127,0.022494495882963136,0.010686216229293014,0.0013771433464885839,0.019186041798465437,0.2141711618150826
MSA_in_EGY,top3,193,0.46632124352331605,-1.8381787742357798,1.308624067454758,0.8267731405350199,1.7952323429470207,-0.13100912410360543,-0.18034075151136772,-0.0813852147093266,0.0030080080032348633,-0.02002513075419429,0.024409631981136985,0.016468446515500546,0.0015039490714815317,0.03033088850035752,0.011728797165841019,-0.002495949827725925,0.024267398122813262,0.29092940014914204
MSA_in_EGY,top5,193,0.46632124352331605,-1.8177380314762728,1.1330948790120337,0.6127501487532647,1.657779053046255,-0.1105683813440985,-0.165012494840829,-0.05518727851305781,0.011041473459314418,-0.011584816873073576,0.03227510529072011,0.006742343073710799,-0.0169035246895402,0.026821569427146003,0.006933592298487925,-0.014091262738315426,0.02397421903667165,0.2519062744308211
MSA_in_EGY,random5,193,0.5600518134715026,-1.7040420350633136,0.003195696371206968,-0.02086004472402757,0.02623846395745872,0.0031276150688606236,-0.004613078973631897,0.011379454274520015,-0.003616533213191562,-0.00867960047220642,0.0017308114954718793,-0.00012803249713033428,-0.00468075876555805,0.004608209588341472,-0.000756538325023157,-0.004519401201676292,0.0030775002084004956,0.0007104576871662767
MSA_in_EGY,top5_later,193,0.5544041450777202,-1.7071696501321743,0.0,0.0,0.0,0.0,0.0,0.0,-0.006356804459183304,-0.0750307117992977,0.065175580588125,0.02118853209540248,0.004512071490291353,0.0371025072532053,0.013371763297313235,-0.007784780528519898,0.03471613378965637,0.0
MSA_in_EGY,random5_later,193,0.5544041450777202,-1.7071696501321743,0.0,0.0,0.0,0.0,0.0,0.0,-0.0003669611612955734,-0.012999342993217358,0.013152908686016276,-0.0019215159146115184,-0.007445196363462611,0.0034006881403761922,-0.0016142742775882468,-0.006857801830341309,0.0034980902538680613,0.0
MSA_in_EGY,top5_span,193,0.46632124352331605,-1.8177380314762728,1.1330948790120337,0.6127501487532647,1.657779053046255,-0.1105683813440985,-0.165012494840829,-0.05518727851305781,0.001949206546500877,-0.07675701946020126,0.08147430508459266,0.026711344020441175,-0.008050984354415853,0.055519846711023814,0.01903181110021364,-0.014287381411852783,0.04930643293449688,0.2519062744308211
MSA_in_EGY,random5_span,193,0.5600518134715026,-1.6997240181228657,-0.009325499843439286,-0.032375477471833676,0.01289752936688206,0.007445632009308573,-5.791325533314702e-06,0.015439203559204457,-1.2627884193705143e-05,-0.01379861380049476,0.0157134675538568,-0.0005904894969426096,-0.00773932187010525,0.006304214718015073,-0.0005777265826346346,-0.006989222388284152,0.006092964496924723,-0.002073217315053321
EGY_in_MSA,baseline,176,0.028409090909090908,-1.3749550838362088,0.0,0.0,0.0,0.0,0.0,0.0,0.0,0.0,0.0,0.0,0.0,0.0,0.0,0.0,0.0,0.0
EGY_in_MSA,top1,176,0.011363636363636364,-1.3443537896329707,-1.6062530875205994,-1.8928148598917436,-1.3183576691960042,0.030601294203238052,0.01063803027546595,0.05042587399088969,0.016572251342810117,0.003601435578807637,0.031641315781153166,0.00891828553184219,0.00050772036250454,0.01761624515637173,0.010505527808246288,0.0027477197683910643,0.01889013702459841,-0.23400983797289282
EGY_in_MSA,top3,176,0.005681818181818182,-1.3612072935158557,-1.7040589573708447,-2.0729706974641022,-1.3343407879495002,0.013747790320353075,-0.013946930290237183,0.041410998104171155,0.025005240853016194,0.005066067011406024,0.04828784190683529,0.0161712951264026,0.005619033349408949,0.027222896782781728,0.018058855086565018,0.008196988985524163,0.027907905844170282,-0.24825886008172052
EGY_in_MSA,top5,176,0.005681818181818182,-1.309121878987009,-2.1954390203410927,-2.6148524104234037,-1.7901714292198005,0.06583320484919981,0.030946437103802505,0.10197866615994543,0.02604572417644354,0.003479861862957478,0.0529336695013375,0.012382879749125575,-0.0036340560503641136,0.028711774671697436,0.015584393997084011,0.0015777222932893689,0.02955371803693643,-0.31984643853504624
EGY_in_MSA,random5,176,0.026363636363636363,-1.3783459608189084,0.029022580141370945,0.006208676876414094,0.05084028637899334,-0.0033908769826997416,-0.010503143926306862,0.00352635563097748,0.006353731284347864,0.0011217289169629416,0.011566330523826182,0.0013374224183676034,-0.003497065586271454,0.006740469309464677,0.002110155731312592,-0.0025764831914939575,0.00662622590113513,0.004228206208101943
EGY_in_MSA,top5_later,176,0.028409090909090908,-1.3749550838362088,0.0,0.0,0.0,0.0,0.0,0.0,0.09493734286381648,0.032592793747230814,0.15934737856898976,-0.006140562549511098,-0.03022375345149938,0.01651211486068023,0.004706572571938688,-0.018730869452743024,0.02621783875329519,0.0
EGY_in_MSA,random5_later,176,0.028409090909090908,-1.3749550838362088,0.0,0.0,0.0,0.0,0.0,0.0,-0.0009133983575380766,-0.015790072655677792,0.014225099127292628,-0.0010477455593761265,-0.0062505947085008725,0.003949588829578905,-0.0007102742952040646,-0.005707597851171831,0.004395790425909585,0.0
EGY_in_MSA,top5_span,176,0.005681818181818182,-1.309121878987009,-2.1954390203410927,-2.6148524104234037,-1.7901714292198005,0.06583320484919981,0.030946437103802505,0.10197866615994543,0.11944183764549401,0.05253192701226283,0.1909778816636119,0.0028068626658146424,-0.031893186644455535,0.03578538361087028,0.016948399641974407,-0.014481465912178944,0.046130529804300595,-0.31984643853504624
EGY_in_MSA,random5_span,176,0.02596590909090909,-1.38051979272203,0.04516985218633305,0.0210840017041007,0.06899293956613356,-0.005564708885821429,-0.012942669771475535,0.001809772697476962,0.0013396065682172774,-0.013499416102170944,0.016907916502167393,0.000426978267648298,-0.006265912842878793,0.007138611153669084,0.0010725635137747633,-0.005168045636317793,0.007145210194999264,0.006580650255869319
mono_MSA,baseline,150,0.05333333333333334,3.461917912165324,0.0,0.0,0.0,0.0,0.0,0.0,0.0,0.0,0.0,0.0,0.0,0.0,0.0,0.0,0.0,0.0
mono_MSA,top1,150,0.09333333333333334,3.313967022895813,-2.4727814928690592,-2.5778468378384907,-2.365418328245481,-0.14795088926951092,-0.1833599046866099,-0.11670371178785964,0.004484487523635229,-0.0005910946515699227,0.00932569967086116,0.004484487523635229,-0.0005910946515699227,0.00932569967086116,0.004484487523635229,-0.0005910946515699227,0.00932569967086116,-0.5497414072626069
mono_MSA,top3,150,0.12,3.2566207091013593,-3.1248375765482583,-3.265185024778048,-2.974009303410848,-0.20529720306396484,-0.2542114856640498,-0.1608509130080541,0.013617230306069057,0.004733419460554918,0.02234343561405936,0.013617230306069057,0.004733419460554918,0.02234343561405936,0.013617230306069057,0.004733419460554918,0.02234343561405936,-0.6947045712500725
mono_MSA,top5,150,0.14666666666666667,3.1781790033976236,-3.725663146972656,-3.901079175988833,-3.5452396245002746,-0.2837389087677002,-0.35003705084323883,-0.22180576709906275,0.01607025588552157,0.002451070060332616,0.028123162987331526,0.01607025588552157,0.002451070060332616,0.028123162987331526,0.01607025588552157,0.002451070060332616,0.028123162987331526,-0.828278320308359
mono_MSA,random5,150,0.05273333333333333,3.4570668232599893,-0.08653773428599039,-0.11142315941731133,-0.06361501405119896,-0.004851088905334472,-0.013972767550150552,0.003261459663311639,-0.0022732844124237696,-0.006236263348783055,0.0013005668360491574,-0.0022732844124237696,-0.006236263348783055,0.0013005668360491574,-0.0022732844124237696,-0.006236263348783055,0.0013005668360491574,-0.01923881101702222
mono_MSA,top5_later,150,0.05333333333333334,3.461917912165324,0.0,0.0,0.0,0.0,0.0,0.0,0.022567783743143083,0.0026015383526682852,0.04103017703071235,0.022567783743143083,0.0026015383526682852,0.04103017703071235,0.022567783743143083,0.0026015383526682852,0.04103017703071235,0.0
mono_MSA,random5_later,150,0.05333333333333334,3.461917912165324,0.0,0.0,0.0,0.0,0.0,0.0,-0.005378002479672432,-0.009935417601068813,-0.0009401925242443882,-0.005378002479672432,-0.009935417601068813,-0.0009401925242443882,-0.005378002479672432,-0.009935417601068813,-0.0009401925242443882,0.0
mono_MSA,top5_span,150,0.14666666666666667,3.1781790033976236,-3.725663146972656,-3.901079175988833,-3.5452396245002746,-0.2837389087677002,-0.35003705084323883,-0.22180576709906275,0.03617522582411766,0.008971248509983222,0.060095845056076805,0.03617522582411766,0.008971248509983222,0.060095845056076805,0.03617522582411766,0.008971248509983222,0.060095845056076805,-0.828278320308359
mono_MSA,random5_span,150,0.0524,3.457886081902186,-0.06823811442057291,-0.09324728481491405,-0.04451226892987887,-0.004031830263137818,-0.012386571491559346,0.004178510541915893,-0.007646946271757285,-0.013394464204733572,-0.002229503234823565,-0.007646946271757285,-0.013394464204733572,-0.002229503234823565,-0.007646946271757285,-0.013394464204733572,-0.002229503234823565,-0.015170494100951677
mono_EGY,baseline,150,0.0,1.4786976337432862,0.0,0.0,0.0,0.0,0.0,0.0,0.0,0.0,0.0,0.0,0.0,0.0,0.0,0.0,0.0,0.0
mono_EGY,top1,150,0.006666666666666667,1.4347733799616496,-2.3759989245732624,-2.691970342437426,-2.0735122268994655,-0.04392425378163656,-0.06166328485806783,-0.02439646234114965,0.006675439973672231,-0.0008765656699736913,0.014534700470666085,0.006675439973672231,-0.0008765656699736913,0.014534700470666085,0.006675439973672231,-0.0008765656699736913,0.014534700470666085,-0.3461516293309701
mono_EGY,top3,150,0.006666666666666667,1.4204697330792746,-3.039226517677307,-3.4144706335067747,-2.6790042371749885,-0.058227900664011636,-0.08524518046776454,-0.029501018742720292,0.013347794512907664,0.002313690587878227,0.02504215164979299,0.013347794512907664,0.002313690587878227,0.02504215164979299,0.013347794512907664,0.002313690587878227,0.02504215164979299,-0.4427751208636759
mono_EGY,top5,150,0.006666666666666667,1.379832984606425,-3.5717019907633465,-3.9628092412948606,-3.179182268460592,-0.09886464913686116,-0.13274357384443283,-0.0631193373600642,0.013586935549974442,-0.001279966492205858,0.029375126848618188,0.013586935549974442,-0.001279966492205858,0.029375126848618188,0.013586935549974442,-0.001279966492205858,0.029375126848618188,-0.5203497572329309
mono_EGY,random5,150,0.0,1.4789188623507818,-0.036381263637542724,-0.06193641456127167,-0.010794331746896115,0.00022122860749562563,-0.007101987262765567,0.007900327193140981,0.002867519905169805,-0.001342138958374659,0.007158058431794242,0.002867519905169805,-0.001342138958374659,0.007158058431794242,0.002867519905169805,-0.001342138958374659,0.007158058431794242,-0.0053002691015598055
mono_EGY,top5_later,150,0.0,1.4786976337432862,0.0,0.0,0.0,0.0,0.0,0.0,0.002791884938875834,-0.026867101088166236,0.03080244743824005,0.002791884938875834,-0.026867101088166236,0.03080244743824005,0.002791884938875834,-0.026867101088166236,0.03080244743824005,0.0
mono_EGY,random5_later,150,0.0,1.4786976337432862,0.0,0.0,0.0,0.0,0.0,0.0,0.0026200195920964087,-0.003533328579353789,0.009055005178420492,0.0026200195920964087,-0.003533328579353789,0.009055005178420492,0.0026200195920964087,-0.003533328579353789,0.009055005178420492,0.0
mono_EGY,top5_span,150,0.006666666666666667,1.379832984606425,-3.5717019907633465,-3.9628092412948606,-3.179182268460592,-0.09886464913686116,-0.13274357384443283,-0.0631193373600642,0.011477590302626291,-0.021882783929506936,0.04440250654270249,0.011477590302626291,-0.021882783929506936,0.04440250654270249,0.011477590302626291,-0.021882783929506936,0.04440250654270249,-0.5203497572329309
mono_EGY,random5_span,150,0.0,1.4792614956140517,-0.02372252229054769,-0.050506725347042085,0.0027450112160046854,0.0005638618707656866,-0.006101236588358879,0.0076833586084842686,0.0031800741277635087,-0.004409873832855374,0.010688642235007132,0.0031800741277635087,-0.004409873832855374,0.010688642235007132,0.0031800741277635087,-0.004409873832855374,0.010688642235007132,-0.003456057853304024
