group,measure,site,top5,p_rank,net,lo,hi,p,n
MSA_in_EGY,d_own_logit,target,1.1330948790120337,0.009900990099009901,1.1298991826408267,0.6112645781669364,1.6720048938178098,0.0002,193
MSA_in_EGY,d_own_logit,next1,0.0,1.0,0.0,0.0,0.0,2.0,193
MSA_in_EGY,d_own_logit,later,0.0,1.0,0.0,0.0,0.0,2.0,193
MSA_in_EGY,d_D_to_matrix,target,-0.11056837516745137,0.009900990099009901,-0.11369598872921009,-0.17049130585892353,-0.05865382904608701,0.0002,193
MSA_in_EGY,d_D_to_matrix,next1,0.0,1.0,0.0,0.0,0.0,2.0,193
MSA_in_EGY,d_D_to_matrix,later,0.0,1.0,0.0,0.0,0.0,2.0,193
MSA_in_EGY,d_cont_lp_matrix,target,0.011041473459314418,0.19801980198019803,0.014658006672505981,-0.007275280697941779,0.03722359196001064,0.2092,54
MSA_in_EGY,d_cont_lp_matrix,next1,0.003824737336900499,0.4158415841584158,0.005236258506774903,-0.025084446154070683,0.032587965429837475,0.6664,54
MSA_in_EGY,d_cont_lp_matrix,later,-0.006356804459183304,0.7722772277227723,-0.007853662084650107,-0.07672941628294985,0.06521736823020195,0.838,54
MSA_in_EGY,d_cont_lp_matrix_x1,target,0.012924261812893849,0.009900990099009901,0.013874728522210751,0.0016869952020091554,0.027483878515128405,0.0232,53
MSA_in_EGY,d_cont_lp_matrix_x1,next1,-0.0030337088512924484,0.6831683168316832,-0.0013763505107951626,-0.05008589312964251,0.039089236200650475,0.9632,53
MSA_in_EGY,d_cont_lp_matrix_x1,later,-0.015301936077621748,0.40594059405940597,-0.016844926060370673,-0.10215200683872488,0.06673396252913404,0.7172,53
MSA_in_EGY,d_cont_lp_own,target,0.006742343073710799,0.12871287128712872,0.006870375570841134,-0.016600345105167474,0.026739424987956877,0.5276,160
MSA_in_EGY,d_cont_lp_own,next1,0.014152623061090708,0.009900990099009901,0.01624935774225742,0.0031699098473907407,0.028954490889613996,0.014,160
MSA_in_EGY,d_cont_lp_own,later,0.02118853209540248,0.009900990099009901,0.021090417889878154,0.004869579230621878,0.03781663922886011,0.01,160
MSA_in_EGY,d_cont_lp_all,target,0.006933592298487925,0.04950495049504951,0.007690130623511083,-0.01246339486191496,0.02469359904071532,0.4272,193
MSA_in_EGY,d_cont_lp_all,next1,0.011481084663015574,0.019801980198019802,0.013697979899576909,0.0004091054665683696,0.026308122531342612,0.0416,193
MSA_in_EGY,d_cont_lp_all,later,0.013371763297313235,0.06930693069306931,0.012879985974705898,-0.008587779861254063,0.03380977778195221,0.2412,193
MSA_in_EGY,d_cont_lp_matrix_w1,target,-0.04211404323577881,0.2871287128712871,-0.021040582418441776,-0.20190374479180292,0.12370997883819396,0.844,20
MSA_in_EGY,d_cont_lp_matrix_w1,next1,-0.02184797525405884,0.009900990099009901,-0.019023409485816954,-0.04297194177454168,-0.0001859602175260845,0.0228,20
MSA_in_EGY,d_cont_lp_matrix_w1,later,-0.024556493759155272,0.009900990099009901,-0.022080948948860167,-0.04653315684279547,-0.00018736412650660465,0.0228,20
MSA_in_EGY,d_cont_lp_matrix_w2,target,0.013699703746371798,0.0891089108910891,0.01428743975030051,-0.005825318508767509,0.03821208892567705,0.1868,36
MSA_in_EGY,d_cont_lp_matrix_w2,next1,0.0013749400774637859,0.9801980198019802,0.008131285872724318,-0.08498679943217172,0.09995935151722252,0.866,36
MSA_in_EGY,d_cont_lp_matrix_w2,later,-0.013488070832358466,0.5643564356435643,-0.018114277968804042,-0.12258585863501617,0.09042559448278983,0.744,36
MSA_in_EGY,d_cont_lp_matrix_w3,target,0.010386173923810324,0.0297029702970297,0.009542857761650035,-0.003895041503295661,0.023976486601668626,0.1608,48
MSA_in_EGY,d_cont_lp_matrix_w3,next1,0.01680261331299941,0.009900990099009901,0.015431564715690913,0.0012725918478836144,0.029882887899046164,0.0284,48
MSA_in_EGY,d_cont_lp_matrix_w3,later,-0.02384309594829877,0.24752475247524752,-0.02022801109977687,-0.10507083119602555,0.058404274999195364,0.6116,48
EGY_in_MSA,d_own_logit,target,-2.1954390203410927,0.009900990099009901,-2.2244616004824636,-2.6372913429950806,-1.8073282792567906,0.0002,176
EGY_in_MSA,d_own_logit,next1,0.0,1.0,0.0,0.0,0.0,2.0,176
EGY_in_MSA,d_own_logit,later,0.0,1.0,0.0,0.0,0.0,2.0,176
EGY_in_MSA,d_D_to_matrix,target,0.06583321162245491,0.009900990099009901,0.06922408639707349,0.034048488598084195,0.10501422533933187,0.0002,176
EGY_in_MSA,d_D_to_matrix,next1,0.0,1.0,0.0,0.0,0.0,2.0,176
EGY_in_MSA,d_D_to_matrix,later,0.0,1.0,0.0,0.0,0.0,2.0,176
EGY_in_MSA,d_cont_lp_matrix,target,0.02604572417644354,0.009900990099009901,0.01969199289209568,-0.0018162526771282933,0.045271843992825606,0.0752,26
EGY_in_MSA,d_cont_lp_matrix,next1,0.017194592035733737,0.0594059405940594,0.014034903416266807,-0.024233515207109778,0.05611020488739013,0.506,26
EGY_in_MSA,d_cont_lp_matrix,later,0.09493734286381648,0.009900990099009901,0.0962373522611765,0.03546497079253197,0.16174252537580636,0.0002,26
EGY_in_MSA,d_cont_lp_matrix_x1,target,0.01107503890991211,0.04950495049504951,0.008468518257141115,-0.004683998274306456,0.022382567041745544,0.224,25
EGY_in_MSA,d_cont_lp_matrix_x1,next1,0.043449997901916504,0.009900990099009901,0.04057467737197875,-0.024525150125026703,0.11981158146344693,0.2908,25
EGY_in_MSA,d_cont_lp_matrix_x1,later,0.13937453746795656,0.009900990099009901,0.14289458184242249,0.05676287873895273,0.24044396616849614,0.0002,25
EGY_in_MSA,d_cont_lp_own,target,0.012382879749125575,0.15841584158415842,0.011045457330757971,-0.0047883424399212645,0.026967465146324015,0.1668,161
EGY_in_MSA,d_cont_lp_own,next1,0.003952161634560697,0.38613861386138615,0.004013214440299024,-0.00854190895342329,0.016414157285848264,0.5152,161
EGY_in_MSA,d_cont_lp_own,later,-0.006140562549511098,0.36633663366336633,-0.0038653393209512753,-0.027971037654980525,0.01869648743639297,0.768,161
EGY_in_MSA,d_cont_lp_all,target,0.015584393997084011,0.009900990099009901,0.013474238265771417,-0.0008264528217046465,0.027434818515821302,0.0616,176
EGY_in_MSA,d_cont_lp_all,next1,0.005595212124965407,0.2079207920792079,0.005347793263975871,-0.006941362986416512,0.017624912745611766,0.4,176
EGY_in_MSA,d_cont_lp_all,later,0.004706572571938688,0.4752475247524752,0.006586583470714025,-0.01603386499759623,0.027996706001953,0.558,176
EGY_in_MSA,d_cont_lp_matrix_w1,target,0.11388667672872543,0.009900990099009901,0.10209451587604623,0.032688588855522026,0.17335331316864389,0.0012,14
EGY_in_MSA,d_cont_lp_matrix_w1,next1,0.04992419481277466,0.009900990099009901,0.05278578988143375,-0.01057227449757712,0.12813243533245147,0.1156,14
EGY_in_MSA,d_cont_lp_matrix_w1,later,0.04991907732827323,0.009900990099009901,0.05573684462479183,-0.009211188980511256,0.13352977880409783,0.1056,14
EGY_in_MSA,d_cont_lp_matrix_w2,target,-0.0017540045082569122,0.8514851485148515,0.0006741456687450404,-0.01373859175046285,0.014710326635210115,0.9244,16
EGY_in_MSA,d_cont_lp_matrix_w2,next1,-0.028665222227573395,0.3069306930693069,-0.026820645332336426,-0.114332313550146,0.05623747236728655,0.5876,16
EGY_in_MSA,d_cont_lp_matrix_w2,later,0.04369989037513733,0.2871287128712871,0.05466884072870015,-0.08755100190225576,0.2113595265795787,0.472,16
EGY_in_MSA,d_cont_lp_matrix_w3,target,0.009208533580281906,0.22772277227722773,0.002984408518587726,-0.007417246089911178,0.01423549680925789,0.6004,21
EGY_in_MSA,d_cont_lp_matrix_w3,next1,0.0033445190194816817,0.7524752475247525,-0.0030334958109250756,-0.022709466002018286,0.012483113572303575,0.7964,21
EGY_in_MSA,d_cont_lp_matrix_w3,later,0.12773254280909896,0.009900990099009901,0.11649630327343144,0.04928385563833373,0.18466084118708964,0.0002,21
mono_MSA,d_own_logit,target,-3.725663146972656,0.009900990099009901,-3.639125412686666,-3.8171617628514762,-3.4514338149531687,0.0002,150
mono_MSA,d_own_logit,next1,0.0,1.0,0.0,0.0,0.0,2.0,150
mono_MSA,d_own_logit,later,0.0,1.0,0.0,0.0,0.0,2.0,150
mono_MSA,d_D_to_matrix,target,-0.283738899230957,0.009900990099009901,-0.27888781420389813,-0.3418743206226826,-0.22070524373888972,0.0002,150
mono_MSA,d_D_to_matrix,next1,0.0,1.0,0.0,0.0,0.0,2.0,150
mono_MSA,d_D_to_matrix,later,0.0,1.0,0.0,0.0,0.0,2.0,150
mono_MSA,d_cont_lp_matrix,target,0.01607025588552157,0.019801980198019802,0.01834354029794534,0.006235346732710797,0.029725626101791854,0.0044,150
mono_MSA,d_cont_lp_matrix,next1,0.010656707634528478,0.009900990099009901,0.012643824797868729,0.002556017774591844,0.0223906774958968,0.0132,150
mono_MSA,d_cont_lp_matrix,later,0.022567783743143083,0.009900990099009901,0.028052658705413343,0.008907863620320953,0.04675958915250997,0.0024,150
mono_MSA,d_cont_lp_matrix_x1,target,0.007944095461648338,0.009900990099009901,0.007827405198698952,0.0030215386935211973,0.012943247872309719,0.0012,147
mono_MSA,d_cont_lp_matrix_x1,next1,0.01716562213540888,0.009900990099009901,0.02028956404171225,0.0049101365383169586,0.0361775178593539,0.0076,147
mono_MSA,d_cont_lp_matrix_x1,later,0.0326798300759322,0.009900990099009901,0.039826041878688906,0.01278331684042402,0.06589567434831464,0.0024,147
mono_MSA,d_cont_lp_own,target,0.01607025588552157,0.019801980198019802,0.01834354029794534,0.006235346732710797,0.029725626101791854,0.0044,150
mono_MSA,d_cont_lp_own,next1,0.010656707634528478,0.009900990099009901,0.012643824797868729,0.002556017774591844,0.0223906774958968,0.0132,150
mono_MSA,d_cont_lp_own,later,0.022567783743143083,0.009900990099009901,0.028052658705413343,0.008907863620320953,0.04675958915250997,0.0024,150
mono_MSA,d_cont_lp_all,target,0.01607025588552157,0.019801980198019802,0.01834354029794534,0.006235346732710797,0.029725626101791854,0.0044,150
mono_MSA,d_cont_lp_all,next1,0.010656707634528478,0.009900990099009901,0.012643824797868729,0.002556017774591844,0.0223906774958968,0.0132,150
mono_MSA,d_cont_lp_all,later,0.022567783743143083,0.009900990099009901,0.028052658705413343,0.008907863620320953,0.04675958915250997,0.0024,150
mono_MSA,d_cont_lp_matrix_w1,target,0.049638007884789115,0.009900990099009901,0.05308954955237091,0.020151467286080738,0.08549819797570961,0.0008,133
mono_MSA,d_cont_lp_matrix_w1,next1,0.003329123848264939,0.31683168316831684,0.0014436323349136528,-0.00622009900695127,0.010785438321234745,0.7956,133
mono_MSA,d_cont_lp_matrix_w1,later,0.003678007312189031,0.297029702970297,0.0018225132336111786,-0.006077166217785413,0.011541995614274264,0.7324,133
mono_MSA,d_cont_lp_matrix_w2,target,0.009217632234208566,0.039603960396039604,0.007926965763134166,0.0010289923094801213,0.01479273250867101,0.0204,133
mono_MSA,d_cont_lp_matrix_w2,next1,0.016509814986160824,0.12871287128712872,0.023611885823197384,-0.0019170741403573425,0.04974728602310292,0.074,133
mono_MSA,d_cont_lp_matrix_w2,later,0.017862963665248754,0.22772277227722773,0.028196541391088993,-0.001893112354981892,0.058990492290151963,0.0656,133
mono_MSA,d_cont_lp_matrix_w3,target,0.0033027783334255217,0.1782178217821782,0.0023694823196530354,-0.0028795193586945533,0.007684342675440011,0.3972,125
mono_MSA,d_cont_lp_matrix_w3,next1,0.008331115573644639,0.009900990099009901,0.007135330718755723,-0.0003843279889822006,0.01403414310824871,0.0628,125
mono_MSA,d_cont_lp_matrix_w3,later,0.023592442363500596,0.0594059405940594,0.02402982478827238,-0.02255940115457774,0.06723277265721556,0.3068,125
mono_EGY,d_own_logit,target,-3.5717019907633465,0.009900990099009901,-3.5353207271258036,-3.935767726504803,-3.1463931174381576,0.0002,150
mono_EGY,d_own_logit,next1,0.0,1.0,0.0,0.0,0.0,2.0,150
mono_EGY,d_own_logit,later,0.0,1.0,0.0,0.0,0.0,2.0,150
mono_EGY,d_D_to_matrix,target,-0.09886465867360433,0.009900990099009901,-0.09908587688604992,-0.1338602585589886,-0.06389092436850075,0.0002,150
mono_EGY,d_D_to_matrix,next1,0.0,1.0,0.0,0.0,0.0,2.0,150
mono_EGY,d_D_to_matrix,later,0.0,1.0,0.0,0.0,0.0,2.0,150
mono_EGY,d_cont_lp_matrix,target,0.013586935549974442,0.04950495049504951,0.010719415644804635,-0.0040874012881517395,0.025496180235147447,0.148,150
mono_EGY,d_cont_lp_matrix,next1,0.0045662699143091835,0.46534653465346537,0.0013262578355769316,-0.022118552227349333,0.0218971312847547,0.8768,150
mono_EGY,d_cont_lp_matrix,later,0.002791884938875834,0.7623762376237624,0.0008575382520755122,-0.028881751371075716,0.027618094345132498,0.9428,150
mono_EGY,d_cont_lp_matrix_x1,target,0.008688434648017088,0.0297029702970297,0.005327025883210202,-0.0005995540171085551,0.01122603235929273,0.0768,144
mono_EGY,d_cont_lp_matrix_x1,next1,0.00991198024712503,0.22772277227722773,0.005538681724833117,-0.0281367160891726,0.03695086556625185,0.7436,144
mono_EGY,d_cont_lp_matrix_x1,later,0.005850234870902366,0.6831683168316832,0.004040370467636318,-0.04177013367984909,0.048203807821872405,0.864,144
mono_EGY,d_cont_lp_own,target,0.013586935549974442,0.04950495049504951,0.010719415644804635,-0.0040874012881517395,0.025496180235147447,0.148,150
mono_EGY,d_cont_lp_own,next1,0.0045662699143091835,0.46534653465346537,0.0013262578355769316,-0.022118552227349333,0.0218971312847547,0.8768,150
mono_EGY,d_cont_lp_own,later,0.002791884938875834,0.7623762376237624,0.0008575382520755122,-0.028881751371075716,0.027618094345132498,0.9428,150
mono_EGY,d_cont_lp_all,target,0.013586935549974442,0.04950495049504951,0.010719415644804635,-0.0040874012881517395,0.025496180235147447,0.148,150
mono_EGY,d_cont_lp_all,next1,0.0045662699143091835,0.46534653465346537,0.0013262578355769316,-0.022118552227349333,0.0218971312847547,0.8768,150
mono_EGY,d_cont_lp_all,later,0.002791884938875834,0.7623762376237624,0.0008575382520755122,-0.028881751371075716,0.027618094345132498,0.9428,150
mono_EGY,d_cont_lp_matrix_w1,target,0.01837999821265242,0.1782178217821782,0.016887022442142692,-0.018434423895681337,0.053241368004662976,0.3564,134
mono_EGY,d_cont_lp_matrix_w1,next1,-0.0005818398585960046,0.801980198019802,-0.0020176732487309328,-0.024228788534394783,0.015574930392129259,0.8952,134
mono_EGY,d_cont_lp_matrix_w1,later,-0.0032497455379856166,0.37623762376237624,-0.00481114557985939,-0.027642396552821816,0.013223558291681665,0.6944,134
mono_EGY,d_cont_lp_matrix_w2,target,0.016385955864760448,0.009900990099009901,0.011858184673194964,0.0028815156726272615,0.020858704206268716,0.01,123
mono_EGY,d_cont_lp_matrix_w2,next1,0.03173928429955632,0.019801980198019802,0.024705427545993544,-0.023515631818841025,0.0709134113802423,0.2936,123
mono_EGY,d_cont_lp_matrix_w2,later,0.049264794268562055,0.009900990099009901,0.043828007999743256,-0.012660465636306694,0.09802414993513081,0.1136,123
mono_EGY,d_cont_lp_matrix_w3,target,-0.0007143720476464792,0.8217821782178217,-0.0002053080243481828,-0.006903551457216964,0.006612429495532562,0.9536,110
mono_EGY,d_cont_lp_matrix_w3,next1,-0.0010170606726949865,0.7425742574257426,0.000355171592059461,-0.010628709290303625,0.011031757611442695,0.9248,110
mono_EGY,d_cont_lp_matrix_w3,later,-0.011230256289921024,0.48514851485148514,-0.005703846038573178,-0.06034927818171931,0.04781951658046716,0.834,110
