subset,embedded,layer,metric,mean,ci_lo,ci_hi,n
all,EGY,0,natural_pull,0.0,0.0,0.0,249
all,EGY,0,unintegrated_pull,0.0,0.0,0.0,249
all,EGY,0,host_natural,-0.5565236599809195,-0.9286237908385127,-0.18325993739756719,249
all,EGY,0,host_random,0.9611618783339918,0.7003530080688286,1.2245747247882874,249
all,EGY,0,target_own_logit,2.66244492748655,2.232485387468314,3.1164570305002735,249
all,EGY,1,natural_pull,0.7743540269782744,0.4679699212552075,1.0895047756323375,249
all,EGY,1,unintegrated_pull,1.922570535217423,1.6436492349249292,2.195588679659558,249
all,EGY,1,host_natural,-1.2785094095521183,-1.8210488710896557,-0.7637245410896212,249
all,EGY,1,host_random,1.8785507341465317,1.433056251022471,2.3457211389120323,249
all,EGY,1,target_own_logit,5.0500688064529236,4.600909309693608,5.520314823491985,249
all,EGY,2,natural_pull,1.8779677399191033,1.390761357863026,2.3943558453256806,249
all,EGY,2,unintegrated_pull,4.639757466842851,4.1923520097651155,5.130490905806481,249
all,EGY,2,host_natural,-1.6555663757774246,-2.215847813439776,-1.0895795760384532,249
all,EGY,2,host_random,2.971143293572238,2.468796314783843,3.499868010810341,249
all,EGY,2,target_own_logit,6.7665318533119905,6.236233824222203,7.273579121102769,249
all,EGY,3,natural_pull,2.4385654720436616,1.8311883889527685,3.0473807790791647,249
all,EGY,3,unintegrated_pull,6.020183708054953,5.503503075888358,6.547565595524377,249
all,EGY,3,host_natural,-1.22912557441068,-1.8337323465859556,-0.6263420359975843,249
all,EGY,3,host_random,3.9557588808986557,3.394631478381923,4.505473164872951,249
all,EGY,3,target_own_logit,7.938039020362149,7.354595032268499,8.522844252738368,249
all,EGY,4,natural_pull,4.0748125530151,3.0793700482711253,5.034349056444014,249
all,EGY,4,unintegrated_pull,9.638133080608874,8.747531722539879,10.46551468831947,249
all,EGY,4,host_natural,-1.9179209516230358,-2.791002449530914,-1.0869375860415793,249
all,EGY,4,host_random,4.294291648998796,3.7889085707415537,4.8402119187166885,249
all,EGY,4,target_own_logit,12.434098520192755,11.596734748816635,13.310784724630025,249
all,EGY,5,natural_pull,4.779994527020129,3.6994099156205436,5.780944063385806,249
all,EGY,5,unintegrated_pull,10.323116909547982,9.41714769922586,11.214084264636035,249
all,EGY,5,host_natural,-1.9734870006281688,-2.8053671694304567,-1.122989301036401,249
all,EGY,5,host_random,4.560253565569958,4.081194453785218,5.026420490198346,249
all,EGY,5,target_own_logit,12.407515550712985,11.571400007378147,13.217488280489263,249
all,EGY,6,natural_pull,4.706688776552438,3.7577258307531656,5.572455900524515,249
all,EGY,6,unintegrated_pull,9.773028400528384,8.943268670255401,10.596688341555824,249
all,EGY,6,host_natural,-2.150152665065474,-3.0262119518465784,-1.3075903819627077,249
all,EGY,6,host_random,4.260988837025731,3.6711221249826465,4.8325512243980855,249
all,EGY,6,target_own_logit,12.310542344089493,11.518007053093736,13.09206645819078,249
all,EGY,7,natural_pull,3.828820186925222,3.0272146844361205,4.635284218216038,249
all,EGY,7,unintegrated_pull,8.447394280548556,7.655347173843518,9.234320179022937,249
all,EGY,7,host_natural,-1.8110375457020649,-2.582073194614376,-0.9898262069646614,249
all,EGY,7,host_random,4.072109879738835,3.5373037762311568,4.5980450691947015,249
all,EGY,7,target_own_logit,12.234136460775352,11.46415795152446,12.992065200365213,249
all,EGY,8,natural_pull,3.5631829495410843,2.722735075778272,4.392913839304782,249
all,EGY,8,unintegrated_pull,8.54817092083544,7.740779406717983,9.399499024540544,249
all,EGY,8,host_natural,-2.2658542035573936,-3.088757742408768,-1.4356077720003444,249
all,EGY,8,host_random,4.29413583719108,3.7361747204658977,4.852619052974574,249
all,EGY,8,target_own_logit,12.51930358706708,11.777389723182203,13.259774166465284,249
all,EGY,9,natural_pull,3.2030863465075514,2.4889391555125453,3.897561430332651,249
all,EGY,9,unintegrated_pull,8.172835215986014,7.412017209391038,8.958406789355488,249
all,EGY,9,host_natural,-2.656793942891929,-3.4834094839163092,-1.8304232185863596,249
all,EGY,9,host_random,4.707910933169017,4.140622931599138,5.280454709252201,249
all,EGY,9,target_own_logit,12.073545254856707,11.395412655312374,12.743316416687755,249
all,EGY,10,natural_pull,3.301406729173469,2.5465179727020035,4.072862115011636,249
all,EGY,10,unintegrated_pull,8.967815916222262,8.153552817245084,9.779154242377684,249
all,EGY,10,host_natural,-2.3206614318142935,-3.166526483376342,-1.4927403725055353,249
all,EGY,10,host_random,4.800359754677278,4.243442739516377,5.3634523538461165,249
all,EGY,10,target_own_logit,12.861930437356113,12.16412243098619,13.560891818282116,249
all,EGY,11,natural_pull,3.943677105578074,3.1380969612473946,4.810740408983575,249
all,EGY,11,unintegrated_pull,10.338507640792663,9.565214287803833,11.108605011735095,249
all,EGY,11,host_natural,-2.9814041503461968,-3.811220175422818,-2.1842562142146162,249
all,EGY,11,host_random,5.093428310620258,4.487800002648648,5.6771746383972435,249
all,EGY,11,target_own_logit,13.925524370737344,13.268463943090783,14.571377193401137,249
all,EGY,12,natural_pull,3.4820961009067704,2.684132676945633,4.30543396451387,249
all,EGY,12,unintegrated_pull,9.581402901186044,8.780373623237073,10.395408285908909,249
all,EGY,12,host_natural,-2.4695881514185403,-3.3272781942982275,-1.6256605851123613,249
all,EGY,12,host_random,5.17413868961564,4.581307222685182,5.775108201125539,249
all,EGY,12,target_own_logit,13.767848025842843,13.13398092136565,14.40738588934203,249
all,EGY,13,natural_pull,4.123019668471861,3.283501811104127,5.09064246935538,249
all,EGY,13,unintegrated_pull,10.57423555037104,9.747103905438419,11.428347900809054,249
all,EGY,13,host_natural,-2.149599904994888,-3.0263060445407306,-1.2518075493325196,249
all,EGY,13,host_random,5.313870196361618,4.697252169969571,5.94006479371743,249
all,EGY,13,target_own_logit,13.993620881115097,13.364914291977403,14.673592782690822,249
all,EGY,14,natural_pull,3.943527416053067,3.023459925445687,4.91186831737139,249
all,EGY,14,unintegrated_pull,10.580994209611273,9.688421798973199,11.511237008241286,249
all,EGY,14,host_natural,-2.4705372435979576,-3.305031801790119,-1.6128231437211065,249
all,EGY,14,host_random,5.548488834775595,4.92748963033339,6.1485431519497835,249
all,EGY,14,target_own_logit,14.01203490452594,13.34452652835463,14.676923384101514,249
all,EGY,15,natural_pull,3.7090472897372573,2.864624650842215,4.596617444930785,249
all,EGY,15,unintegrated_pull,9.542749756311316,8.725810196792265,10.3969257117754,249
all,EGY,15,host_natural,-2.193465037518237,-3.0392876132664433,-1.2946957396934313,249
all,EGY,15,host_random,5.190990131064113,4.575352777474855,5.795577725923684,249
all,EGY,15,target_own_logit,13.19295748649352,12.554062128067017,13.817568286212094,249
all,EGY,16,natural_pull,3.896578001688762,3.102481735662284,4.71696856151144,249
all,EGY,16,unintegrated_pull,9.634703649574494,8.80125719541048,10.513994365786932,249
all,EGY,16,host_natural,-2.2123601561090553,-3.018496909953025,-1.3409177807679622,249
all,EGY,16,host_random,5.391323373978397,4.789228763075239,5.991501712164726,249
all,EGY,16,target_own_logit,12.859039557028009,12.25009515747488,13.479628056515171,249
all,EGY,17,natural_pull,3.635798402579434,2.864145027083087,4.470942797143775,249
all,EGY,17,unintegrated_pull,8.76551492434429,8.000143371767788,9.57829688679741,249
all,EGY,17,host_natural,-2.0257886696053315,-2.895599569027204,-1.1671793208184493,249
all,EGY,17,host_random,5.527716316851268,4.923512428065381,6.106189534271577,249
all,EGY,17,target_own_logit,12.363112248570086,11.784171662368928,13.002185696698575,249
all,EGY,18,natural_pull,4.235023445872418,3.4328746809298734,5.132200860761732,249
all,EGY,18,unintegrated_pull,9.59941619467065,8.799804112279272,10.454643705762534,249
all,EGY,18,host_natural,-2.2156224882746316,-3.0598848825477694,-1.3361687995343803,249
all,EGY,18,host_random,5.719282265169075,5.105696444793877,6.324050122523404,249
all,EGY,18,target_own_logit,12.471177949484094,11.886685477203155,13.089443840080476,249
all,EGY,19,natural_pull,3.3337044332879615,2.5993940548963814,4.155310952878859,249
all,EGY,19,unintegrated_pull,8.799820816660501,8.02420761139996,9.632002519268585,249
all,EGY,19,host_natural,-2.6456569782701362,-3.4596354539614604,-1.8142821081431517,249
all,EGY,19,host_random,5.693438872754813,5.051518639239919,6.317573872771128,249
all,EGY,19,target_own_logit,12.182633063879358,11.652036059477243,12.756077764120446,249
all,EGY,20,natural_pull,3.6228441579274864,2.810963559150696,4.568079401450942,249
all,EGY,20,unintegrated_pull,9.740398375384778,8.900068881688826,10.591457001727267,249
all,EGY,20,host_natural,-2.4489767369496294,-3.2877414836940995,-1.57613106812818,249
all,EGY,20,host_random,5.878923595191006,5.255511272767461,6.502259086724744,249
all,EGY,20,target_own_logit,12.044185192230715,11.483030127473624,12.663089313420905,249
all,EGY,21,natural_pull,3.697198197544818,2.8700726708255138,4.594247691506841,249
all,EGY,21,unintegrated_pull,9.515301517693393,8.730863735283235,10.347286664099098,249
all,EGY,21,host_natural,-2.2182457954529298,-2.9905302014456216,-1.4075955797151394,249
all,EGY,21,host_random,6.150197940657895,5.5147954075211985,6.765179972356582,249
all,EGY,21,target_own_logit,11.419272428535553,10.857756897148837,12.019108863049242,249
all,EGY,22,natural_pull,3.8404977120548844,2.982445501802437,4.725073350433365,249
all,EGY,22,unintegrated_pull,9.401959334032602,8.573419556703913,10.289461300100188,249
all,EGY,22,host_natural,-3.0370276328550285,-3.8017088518564,-2.2438839073401384,249
all,EGY,22,host_random,5.732884755575035,5.126749621529178,6.341973150422774,249
all,EGY,22,target_own_logit,12.230429253903738,11.615222415220307,12.891075179902424,249
all,EGY,23,natural_pull,4.324706115875857,3.4672972057717875,5.183950726861456,249
all,EGY,23,unintegrated_pull,10.394380464132531,9.549450017745237,11.289983876306849,249
all,EGY,23,host_natural,-2.3576973298467307,-3.252184076577305,-1.473344056433942,249
all,EGY,23,host_random,6.42929637575724,5.794144101913674,7.063357588876203,249
all,EGY,23,target_own_logit,12.850483138398474,12.221220867317843,13.51129420467888,249
all,EGY,24,natural_pull,3.8902880006047136,3.0040662723851494,4.798520291809098,249
all,EGY,24,unintegrated_pull,10.138794074575586,9.302046317867486,11.005197153512732,249
all,EGY,24,host_natural,-1.9576476443723503,-2.908205401873493,-0.9916986462222527,249
all,EGY,24,host_random,6.792643377101086,6.119853485947154,7.424633584826825,249
all,EGY,24,target_own_logit,13.328952341194613,12.67332814304704,13.993514854553712,249
all,EGY,25,natural_pull,3.346761391344798,2.4510274738193036,4.261991036488827,249
all,EGY,25,unintegrated_pull,10.019326344551331,9.101200190425876,10.909017215926484,249
all,EGY,25,host_natural,-2.343367857147891,-3.2703719340653783,-1.39955777715009,249
all,EGY,25,host_random,6.459615857725641,5.83212397582081,7.072615110658737,249
all,EGY,25,target_own_logit,13.505017912531473,12.82092808056548,14.178564007454607,249
all,EGY,26,natural_pull,3.0513531472309525,2.1611826007864083,3.976849606956344,249
all,EGY,26,unintegrated_pull,9.775934271065585,8.88359583913083,10.646713824971133,249
all,EGY,26,host_natural,-2.45586630378861,-3.374293503093432,-1.5090038245581248,249
all,EGY,26,host_random,6.394997923249701,5.753475706931578,6.999556847999852,249
all,EGY,26,target_own_logit,13.49522600595252,12.843821758965412,14.124877145012698,249
all,EGY,27,natural_pull,3.3719312713806886,2.430030532247091,4.3289654072987505,249
all,EGY,27,unintegrated_pull,10.018974311859253,9.084559216915842,10.913539176868147,249
all,EGY,27,host_natural,-2.8064482863169595,-3.7581516911466437,-1.8617771602299322,249
all,EGY,27,host_random,6.225942112834578,5.59976874109971,6.810295896776709,249
all,EGY,27,target_own_logit,14.041924418215771,13.356755438578656,14.705272999657206,249
all,EGY,28,natural_pull,3.7897682266541755,2.796059451668138,4.861437445376293,249
all,EGY,28,unintegrated_pull,11.041777479600714,10.037339931894019,12.03800898036325,249
all,EGY,28,host_natural,-3.273532486344916,-4.303999087513691,-2.2685484266065696,249
all,EGY,28,host_random,6.34101129009063,5.734114534955427,6.920695901216273,249
all,EGY,28,target_own_logit,15.784135333026748,15.008462535975926,16.5492802572777,249
all,EGY,29,natural_pull,3.6075071465059456,2.690614613040863,4.571113332064755,249
all,EGY,29,unintegrated_pull,10.361992158085467,9.365132540919216,11.369615669757966,249
all,EGY,29,host_natural,-3.517178093573176,-4.464049960032525,-2.529965525506491,249
all,EGY,29,host_random,6.155600110689799,5.550688285724705,6.754104979785092,249
all,EGY,29,target_own_logit,15.026329548962146,14.298697279926284,15.726285402458833,249
all,EGY,30,natural_pull,3.9050644143039444,2.9879903447675895,4.869120524781774,249
all,EGY,30,unintegrated_pull,10.461185921626877,9.484145697891472,11.442203954927415,249
all,EGY,30,host_natural,-3.3484657136311973,-4.291465960149784,-2.3812797093726545,249
all,EGY,30,host_random,6.2438036557661,5.6099205400570336,6.836436747343664,249
all,EGY,30,target_own_logit,14.942108112166684,14.216568264233539,15.634241787113819,249
all,EGY,31,natural_pull,3.8793868415326958,2.8683153836842044,4.896127805149699,249
all,EGY,31,unintegrated_pull,10.7957412593336,9.787147436539332,11.822397170512073,249
all,EGY,31,host_natural,-3.7115080457135856,-4.686632617589939,-2.739397016897738,249
all,EGY,31,host_random,6.187800992923568,5.622468121702891,6.735495475652707,249
all,EGY,31,target_own_logit,15.310570176825467,14.556496766700322,16.07490552603959,249
all,EGY,32,natural_pull,3.6457554461008095,2.727552021363653,4.5340414762018195,249
all,EGY,32,unintegrated_pull,9.646152018543228,8.708180732707902,10.560330310715248,249
all,EGY,32,host_natural,-2.983156934320687,-3.9125592719120195,-2.0861724005884916,249
all,EGY,32,host_random,6.074145426233131,5.461760790640092,6.661824825310324,249
all,EGY,32,target_own_logit,13.67873651627077,13.017961709087631,14.32343704930271,249
all,EGY,33,natural_pull,4.1739895760294905,3.2077814705161205,5.096317488852752,249
all,EGY,33,unintegrated_pull,10.115407908776678,9.159774943192799,11.060090927438562,249
all,EGY,33,host_natural,-3.146752526003673,-4.068073435193563,-2.218180568965085,249
all,EGY,33,host_random,6.082792140872603,5.490293641561964,6.6426016482962185,249
all,EGY,33,target_own_logit,14.1882725561479,13.454145965650378,14.908140531110476,249
all,EGY,34,natural_pull,4.439302876292462,3.4773314165542404,5.383670564851608,249
all,EGY,34,unintegrated_pull,10.349553485950791,9.451558670257947,11.272064690908275,249
all,EGY,34,host_natural,-3.381718830411214,-4.302600802451253,-2.4773083854511566,249
all,EGY,34,host_random,5.883082829804784,5.2843335501759885,6.473615326795233,249
all,EGY,34,target_own_logit,14.43307076735669,13.691004002788459,15.132044182101406,249
all,EGY,35,natural_pull,4.544041493810324,3.6317306877140063,5.441956888097357,249
all,EGY,35,unintegrated_pull,10.423745168739533,9.500335980730362,11.310104477142234,249
all,EGY,35,host_natural,-3.126625860311899,-3.994495744105563,-2.2438023682578985,249
all,EGY,35,host_random,6.188331930512884,5.570985227248754,6.783617899623741,249
all,EGY,35,target_own_logit,14.191569579652993,13.505995000653478,14.852821095006533,249
all,EGY,36,natural_pull,3.9781261256420946,3.1373097637092253,4.805685989588619,249
all,EGY,36,unintegrated_pull,9.592289202663315,8.664855362756185,10.523695006858873,249
all,EGY,36,host_natural,-2.6847173822931496,-3.476287823963357,-1.8769741530878004,249
all,EGY,36,host_random,6.528768861150167,5.920269896419173,7.127746767284401,249
all,EGY,36,target_own_logit,12.870778242746988,12.258234993568864,13.459428002604518,249
all,MSA,0,natural_pull,0.0,0.0,0.0,289
all,MSA,0,unintegrated_pull,0.0,0.0,0.0,289
all,MSA,0,host_natural,-0.5499299256756232,-0.8400877139753433,-0.2540657498702975,289
all,MSA,0,host_random,0.5605993622520803,0.2591934562038798,0.8499914175937124,289
all,MSA,0,target_own_logit,2.5166426208192503,2.239117528379582,2.794062283124684,289
all,MSA,1,natural_pull,0.7466628972221824,0.4314382618480075,1.0509860013286132,289
all,MSA,1,unintegrated_pull,2.0181042801550104,1.6740690428699176,2.3541231042270425,289
all,MSA,1,host_natural,-0.3206275971703051,-0.8248113380944853,0.15749658364738142,289
all,MSA,1,host_random,1.7223452438945177,1.2563804319469987,2.1701899512725706,289
all,MSA,1,target_own_logit,3.8355518880599924,3.3516636040693335,4.316905775707486,289
all,MSA,2,natural_pull,2.253792586211102,1.7712902031503748,2.718786503420981,289
all,MSA,2,unintegrated_pull,4.440827594908876,3.9426199305686573,4.941294557268644,289
all,MSA,2,host_natural,0.40443001156447256,-0.1843714726528082,0.9860638953307095,289
all,MSA,2,host_random,3.0094316302698787,2.466422043101392,3.5349932131779647,289
all,MSA,2,target_own_logit,4.896563819535463,4.40217142262364,5.430060897798481,289
all,MSA,3,natural_pull,2.9785055396466107,2.403771608841048,3.53862108046827,289
all,MSA,3,unintegrated_pull,6.038556832549482,5.476576969228607,6.6291987443774625,289
all,MSA,3,host_natural,0.3534954681115992,-0.20586355218219096,0.9213144224562446,289
all,MSA,3,host_random,3.500361945183632,2.933606027602943,4.101451165061508,289
all,MSA,3,target_own_logit,5.1740700969646545,4.70677081889966,5.70750068536473,289
all,MSA,4,natural_pull,4.2203716049969815,3.593806975765418,4.843353902540817,289
all,MSA,4,unintegrated_pull,8.39753844498763,7.686481933290571,9.112239835501542,289
all,MSA,4,host_natural,0.9434062038325933,0.2987641063837857,1.5701437030335597,289
all,MSA,4,host_random,5.24019108057847,4.486565813798599,6.0172333778188305,289
all,MSA,4,target_own_logit,5.552492039013899,5.065102962108013,6.0459689567606745,289
all,MSA,5,natural_pull,4.62932482660848,3.9310649820110375,5.311217962303376,289
all,MSA,5,unintegrated_pull,9.537078700676096,8.719122849492466,10.300966177133127,289
all,MSA,5,host_natural,1.444373634034787,0.6983877406916403,2.166332729712489,289
all,MSA,5,host_random,6.378182143488558,5.588464213170394,7.213442787094923,289
all,MSA,5,target_own_logit,5.378965394925906,4.89422569828153,5.854034961600204,289
all,MSA,6,natural_pull,4.577690911128034,3.832994128779144,5.284371775007165,289
all,MSA,6,unintegrated_pull,9.394476306067206,8.605698653179058,10.167214093581615,289
all,MSA,6,host_natural,1.3322098550087027,0.5713154826351928,2.0935085367785193,289
all,MSA,6,host_random,6.559579599274896,5.741273990232227,7.358736171885345,289
all,MSA,6,target_own_logit,5.258811310294591,4.694690374870201,5.761861930251328,289
all,MSA,7,natural_pull,3.4605689983054426,2.822477794879448,4.102869469303779,289
all,MSA,7,unintegrated_pull,7.949864906423232,7.318727376469279,8.579103032445412,289
all,MSA,7,host_natural,0.7410528399952555,0.052527890857115754,1.3988453799774896,289
all,MSA,7,host_random,5.519884265624116,4.732285577404252,6.287075313992773,289
all,MSA,7,target_own_logit,5.052612317474655,4.543659841643073,5.547801689282832,289
all,MSA,8,natural_pull,3.1215896107333756,2.4057954513490403,3.8342180125544223,289
all,MSA,8,unintegrated_pull,7.784732893676494,7.131337075188085,8.46061407100783,289
all,MSA,8,host_natural,0.6308691249999208,-0.09666486142209656,1.3128479021333899,289
all,MSA,8,host_random,5.9650794721392195,5.222934555264906,6.725855508745747,289
all,MSA,8,target_own_logit,4.923682494971992,4.422695984498027,5.431357586579751,289
all,MSA,9,natural_pull,3.26157485407529,2.4926866629853794,3.9881714477052324,289
all,MSA,9,unintegrated_pull,8.481887203599342,7.758861937428016,9.197465498637163,289
all,MSA,9,host_natural,0.7801171883579769,0.018855301195362453,1.4742229138587988,289
all,MSA,9,host_random,6.368869828517874,5.610973274109685,7.134550004857221,289
all,MSA,9,target_own_logit,4.995022435089296,4.4817497762119896,5.512792868597697,289
all,MSA,10,natural_pull,3.667510663349323,2.8804027623474395,4.416401456188164,289
all,MSA,10,unintegrated_pull,8.656397100963394,7.964150686711589,9.303437205973793,289
all,MSA,10,host_natural,1.054528987531431,0.34338934339041527,1.746703922697004,289
all,MSA,10,host_random,6.364716321126813,5.661871276367907,7.072875679261132,289
all,MSA,10,target_own_logit,4.736299803100243,4.23120316788812,5.227450641886586,289
all,MSA,11,natural_pull,3.7676509309392485,2.9665571251645635,4.55302421594986,289
all,MSA,11,unintegrated_pull,9.081821999747861,8.363542870078945,9.747545543725515,289
all,MSA,11,host_natural,1.8807003514576948,1.1576264755329873,2.580956764740927,289
all,MSA,11,host_random,7.397762885968166,6.720307067150063,8.062128891870637,289
all,MSA,11,target_own_logit,4.593694718651293,4.089264830420999,5.086952056274282,289
all,MSA,12,natural_pull,4.152032631078806,3.3212097666874065,4.94270413787101,289
all,MSA,12,unintegrated_pull,9.612894570538742,8.799809380602671,10.38495988696298,289
all,MSA,12,host_natural,1.520826345909013,0.8190759590030954,2.2344712833529106,289
all,MSA,12,host_random,6.774110916576584,6.099398625587922,7.472805942342355,289
all,MSA,12,target_own_logit,4.874424052898447,4.3436138657550085,5.35487657411082,289
all,MSA,13,natural_pull,4.628494888440961,3.7579068436342125,5.463260835491662,289
all,MSA,13,unintegrated_pull,10.523374316601604,9.706748243784823,11.28665988130759,289
all,MSA,13,host_natural,1.4578350468902852,0.728476473905636,2.161581405698221,289
all,MSA,13,host_random,7.140938777412098,6.421009739047515,7.867487252604177,289
all,MSA,13,target_own_logit,5.128416091513056,4.628388855820297,5.615566255858613,289
all,MSA,14,natural_pull,4.267386344889869,3.442632316212753,5.124158047351043,289
all,MSA,14,unintegrated_pull,10.04983418375563,9.287435109619452,10.809910177978265,289
all,MSA,14,host_natural,1.3057431263082169,0.596416084298213,1.9959249698785757,289
all,MSA,14,host_random,7.06889242366936,6.345038643386538,7.780991412446573,289
all,MSA,14,target_own_logit,4.848332149347219,4.329967850075461,5.353496919618758,289
all,MSA,15,natural_pull,3.9606373330713556,3.2253487652354584,4.76928448389352,289
all,MSA,15,unintegrated_pull,9.483063760513254,8.736791143594727,10.225273086599822,289
all,MSA,15,host_natural,1.051213321388799,0.3691074737628026,1.7200713707089006,289
all,MSA,15,host_random,6.508943485141213,5.869660721270684,7.180962710644547,289
all,MSA,15,target_own_logit,4.728560722822961,4.248711300112797,5.2158584180278345,289
all,MSA,16,natural_pull,3.930692276327668,3.130979374381085,4.746887788424029,289
all,MSA,16,unintegrated_pull,9.296155355380893,8.567677271572364,9.99490718332129,289
all,MSA,16,host_natural,0.9588715077271511,0.27478975531964156,1.6084339632810605,289
all,MSA,16,host_random,6.537688818769884,5.876886318288872,7.208833292291651,289
all,MSA,16,target_own_logit,4.421698976140534,3.9232846816415194,4.894589622210465,289
all,MSA,17,natural_pull,3.9725073530599735,3.183109624596203,4.78483930807625,289
all,MSA,17,unintegrated_pull,9.74848869267632,9.01731390628229,10.445988310888977,289
all,MSA,17,host_natural,0.903846680911767,0.22207901313849385,1.5283597699808003,289
all,MSA,17,host_random,6.284406115439523,5.664918620827701,6.932104364419066,289
all,MSA,17,target_own_logit,4.56974735845744,4.080487612426075,5.0494944887280875,289
all,MSA,18,natural_pull,4.060258931354668,3.2438527242122634,4.864515839872888,289
all,MSA,18,unintegrated_pull,10.048911502204552,9.331459469428111,10.785428420544495,289
all,MSA,18,host_natural,1.4415950362657592,0.7063436074034153,2.145689271869956,289
all,MSA,18,host_random,6.450118869233709,5.829291801964123,7.101383171052668,289
all,MSA,18,target_own_logit,4.4306011274199175,3.924376242362917,4.919687470742163,289
all,MSA,19,natural_pull,3.707251255899977,2.9173665675943696,4.499815417387906,289
all,MSA,19,unintegrated_pull,9.637477513415591,8.918193239819221,10.346736045795328,289
all,MSA,19,host_natural,1.5900515643783095,0.877169289267187,2.2617894495234774,289
all,MSA,19,host_random,6.294331542348367,5.683946876480506,6.9151044087632725,289
all,MSA,19,target_own_logit,4.157119425935316,3.669570908063836,4.631316252315745,289
all,MSA,20,natural_pull,4.440119521428144,3.607664012434573,5.25462439955312,289
all,MSA,20,unintegrated_pull,10.923497523403498,10.131512667604795,11.684243461252496,289
all,MSA,20,host_natural,1.717879007431875,0.9517933791690218,2.429972752856548,289
all,MSA,20,host_random,7.171218593227822,6.511153082327859,7.8228750987036415,289
all,MSA,20,target_own_logit,4.513279805133912,4.048788256422458,4.949535148057145,289
all,MSA,21,natural_pull,4.025644108498385,3.1986338225615483,4.821732325248652,289
all,MSA,21,unintegrated_pull,10.547985950555768,9.809724625192299,11.287091839581626,289
all,MSA,21,host_natural,1.2523801013260152,0.5013442308226258,1.9438222847182853,289
all,MSA,21,host_random,6.92729173894572,6.277874207847258,7.559604651333964,289
all,MSA,21,target_own_logit,4.710527891106259,4.249251112661559,5.134506277642036,289
all,MSA,22,natural_pull,3.8635255935695345,3.0326821164276363,4.674813248748186,289
all,MSA,22,unintegrated_pull,10.383899613647724,9.642080555943881,11.138748515188487,289
all,MSA,22,host_natural,1.3580179263976206,0.6122569623909195,2.1017880999918215,289
all,MSA,22,host_random,7.106796352096082,6.467840383725182,7.726443416395814,289
all,MSA,22,target_own_logit,4.596771863917579,4.122037981723832,5.054982249877032,289
all,MSA,23,natural_pull,4.415553373448989,3.5607021721176624,5.304944858419028,289
all,MSA,23,unintegrated_pull,11.301102193581604,10.553897600066703,12.065674970347988,289
all,MSA,23,host_natural,1.4993158298380234,0.7145100005667102,2.2611888999654335,289
all,MSA,23,host_random,8.267632911362037,7.544717081143782,8.972871581668672,289
all,MSA,23,target_own_logit,5.01754074195677,4.509022100079019,5.544779112264771,289
all,MSA,24,natural_pull,4.164244431112877,3.341970352864595,4.985587522408129,289
all,MSA,24,unintegrated_pull,11.339074283322661,10.575101450199075,12.121572444801926,289
all,MSA,24,host_natural,1.128546145960534,0.33092940820954664,1.9192849608956735,289
all,MSA,24,host_random,7.80403658098003,7.038954285993708,8.52486159716923,289
all,MSA,24,target_own_logit,5.1732383673578815,4.6547725802680615,5.687941795216299,289
all,MSA,25,natural_pull,4.294123728795035,3.466527926798098,5.137105201788014,289
all,MSA,25,unintegrated_pull,11.18171375020565,10.392738068371907,11.994783571372807,289
all,MSA,25,host_natural,1.3901616821652052,0.5417999585916426,2.1648740786479004,289
all,MSA,25,host_random,8.326562565503236,7.537528928743102,9.068325569823537,289
all,MSA,25,target_own_logit,5.002237049353576,4.505039627422098,5.50274427335155,289
all,MSA,26,natural_pull,3.9788185485919043,3.181602395529566,4.753021590293073,289
all,MSA,26,unintegrated_pull,10.968064575871795,10.218070964365683,11.74286997477076,289
all,MSA,26,host_natural,1.2948764711102811,0.4835963774408024,2.0241946183686435,289
all,MSA,26,host_random,8.487691214752857,7.770429512549024,9.20051306251011,289
all,MSA,26,target_own_logit,4.885031642798322,4.375317803489295,5.381839802263105,289
all,MSA,27,natural_pull,3.9665440976825965,3.1667487213562104,4.778558846864732,289
all,MSA,27,unintegrated_pull,11.125794283658989,10.325687596150336,11.934804172148754,289
all,MSA,27,host_natural,1.6500244911979227,0.7792466640781779,2.4513085048091448,289
all,MSA,27,host_random,9.219816329982454,8.42285463824404,9.991921013645234,289
all,MSA,27,target_own_logit,4.8354520727606385,4.364668180579545,5.315991082839075,289
all,MSA,28,natural_pull,3.886487124700447,3.0610549586763844,4.735328458316598,289
all,MSA,28,unintegrated_pull,11.287670382166404,10.434340229682032,12.156563367398139,289
all,MSA,28,host_natural,1.9792713578597072,1.0927940161892287,2.8305525058074803,289
all,MSA,28,host_random,9.73418849397283,8.85886431986073,10.608665503061355,289
all,MSA,28,target_own_logit,4.5065036030376655,4.027711345693644,5.002918976514397,289
all,MSA,29,natural_pull,3.6436609669127678,2.851228618064966,4.4556525854503395,289
all,MSA,29,unintegrated_pull,11.019705137991988,10.197251947961464,11.839766130315391,289
all,MSA,29,host_natural,1.9790046400677375,1.105761062521423,2.8425328510030328,289
all,MSA,29,host_random,9.410790949956768,8.589925181401641,10.218812316295184,289
all,MSA,29,target_own_logit,4.307635477257435,3.8351431352353837,4.80061010594599,289
all,MSA,30,natural_pull,3.663203668016876,2.8834694271887873,4.46110700581313,289
all,MSA,30,unintegrated_pull,10.877130567821252,10.039281910348516,11.68390784329609,289
all,MSA,30,host_natural,1.8757575667853175,1.0075457285432254,2.682417663261552,289
all,MSA,30,host_random,9.183312831452973,8.35895901870975,9.996571453622057,289
all,MSA,30,target_own_logit,4.304647650273201,3.842678566209998,4.767451975574543,289
all,MSA,31,natural_pull,4.230591795436239,3.3921628994925213,5.080314887704321,289
all,MSA,31,unintegrated_pull,11.62044632476094,10.74122626513346,12.520667055321399,289
all,MSA,31,host_natural,2.563711896899662,1.6571228495312398,3.4347743489131792,289
all,MSA,31,host_random,9.704441187703486,8.833966535391692,10.579789191855692,289
all,MSA,31,target_own_logit,4.429473463226767,3.9818604959748605,4.8824997692681515,289
all,MSA,32,natural_pull,4.366782566255352,3.5403599278015245,5.182123633456064,289
all,MSA,32,unintegrated_pull,11.139003129978907,10.279920577920432,12.019103601028348,289
all,MSA,32,host_natural,2.254033709892352,1.3973427343224158,3.111813682039304,289
all,MSA,32,host_random,8.984833807681259,8.174506967527645,9.7792579154861,289
all,MSA,32,target_own_logit,4.570942170892208,4.092683548993305,5.010814842200197,289
all,MSA,33,natural_pull,4.558918179112735,3.708979599347989,5.373823193478748,289
all,MSA,33,unintegrated_pull,11.437942631104413,10.582946419839628,12.322455933019777,289
all,MSA,33,host_natural,2.552297312908107,1.6506782700239995,3.427842608826383,289
all,MSA,33,host_random,9.563959898833172,8.719771597026542,10.406713325950513,289
all,MSA,33,target_own_logit,4.54000182094046,4.072568809253947,4.9915459408685825,289
all,MSA,34,natural_pull,4.68080080834227,3.8256793391952053,5.507314377610659,289
all,MSA,34,unintegrated_pull,11.645422220230103,10.780661218430344,12.51605130743403,289
all,MSA,34,host_natural,2.683285992038291,1.7632767251721715,3.5380009785861692,289
all,MSA,34,host_random,9.593370808037095,8.750162534183698,10.402819730140347,289
all,MSA,34,target_own_logit,4.5004530196371375,4.043257785359056,4.950436149212728,289
all,MSA,35,natural_pull,4.405476956631485,3.566562083961642,5.214046511363406,289
all,MSA,35,unintegrated_pull,11.667180725859936,10.847661241806502,12.515622157941229,289
all,MSA,35,host_natural,2.3672214544355663,1.4726711366158045,3.195517168578186,289
all,MSA,35,host_random,9.270564281816714,8.496778017076242,10.04726011209628,289
all,MSA,35,target_own_logit,4.302599032444937,3.8518990294743576,4.743651801373513,289
all,MSA,36,natural_pull,4.932103948197151,4.062012291243332,5.7729883093528676,289
all,MSA,36,unintegrated_pull,11.727225498344659,10.895942475886493,12.536878020313784,289
all,MSA,36,host_natural,1.8694672073047467,1.020301748415178,2.6448007771713096,289
all,MSA,36,host_random,8.45031530386849,7.770196686319001,9.16593135620071,289
all,MSA,36,target_own_logit,4.873383197817423,4.352119786990968,5.392917603068698,289
matrix_left>=3,EGY,0,natural_pull,0.0,0.0,0.0,194
matrix_left>=3,EGY,0,unintegrated_pull,0.0,0.0,0.0,194
matrix_left>=3,EGY,0,host_natural,-0.32395265735301776,-0.7318968525751657,0.07119667581522585,194
matrix_left>=3,EGY,0,host_random,1.055289574812368,0.7551410845567271,1.3459234915289682,194
matrix_left>=3,EGY,0,target_own_logit,2.551073225810356,2.1017878870873417,3.027432234381738,194
matrix_left>=3,EGY,1,natural_pull,0.9173914642678094,0.6193071306059041,1.2431822340205771,194
matrix_left>=3,EGY,1,unintegrated_pull,2.0096332833324513,1.7227891542939182,2.320757769754867,194
matrix_left>=3,EGY,1,host_natural,-0.7369141468067759,-1.3075288647228909,-0.15225681146395603,194
matrix_left>=3,EGY,1,host_random,2.0125955088236895,1.4991528563508667,2.5423993727672345,194
matrix_left>=3,EGY,1,target_own_logit,4.838095967302618,4.366294794306927,5.311061236907526,194
matrix_left>=3,EGY,2,natural_pull,2.281269056588104,1.780454783203061,2.797237175134654,194
matrix_left>=3,EGY,2,unintegrated_pull,4.9085435575431156,4.3656583020598,5.424570599382686,194
matrix_left>=3,EGY,2,host_natural,-0.9634354466322771,-1.5414947022712722,-0.39499279576709045,194
matrix_left>=3,EGY,2,host_random,3.2712660760609147,2.698416333622539,3.8463207190184243,194
matrix_left>=3,EGY,2,target_own_logit,6.593094718210476,6.015603957171599,7.16509352280307,194
matrix_left>=3,EGY,3,natural_pull,2.942965046032188,2.348223594046131,3.5833683932564924,194
matrix_left>=3,EGY,3,unintegrated_pull,6.284767545682868,5.67885206315628,6.861230258728118,194
matrix_left>=3,EGY,3,host_natural,-0.45887998606740815,-1.0928162280508538,0.2098557463626269,194
matrix_left>=3,EGY,3,host_random,4.252500694129885,3.645139444650141,4.867259731397186,194
matrix_left>=3,EGY,3,target_own_logit,7.663438747224119,7.072746479380683,8.278803528438218,194
matrix_left>=3,EGY,4,natural_pull,5.344953003617906,4.389629871359805,6.33927945055298,194
matrix_left>=3,EGY,4,unintegrated_pull,10.61852356576428,9.70007298376757,11.500567365675858,194
matrix_left>=3,EGY,4,host_natural,-0.8080821418270623,-1.6684043842262213,0.10367050110986506,194
matrix_left>=3,EGY,4,host_random,4.593273594514611,4.027453137020168,5.199739212780883,194
matrix_left>=3,EGY,4,target_own_logit,12.746217397684903,11.815352045644804,13.654069069304418,194
matrix_left>=3,EGY,5,natural_pull,6.3357617977968195,5.217286667074125,7.45350537552047,194
matrix_left>=3,EGY,5,unintegrated_pull,11.366268860310623,10.347685417640456,12.392465591768628,194
matrix_left>=3,EGY,5,host_natural,-0.8354529627819651,-1.6531756317031752,0.017940023126674913,194
matrix_left>=3,EGY,5,host_random,4.780826429116357,4.2455786738813535,5.330710976440267,194
matrix_left>=3,EGY,5,target_own_logit,12.876488571928949,11.916468934407554,13.834631780004992,194
matrix_left>=3,EGY,6,natural_pull,6.065894345647281,5.119347465130472,7.070280208722831,194
matrix_left>=3,EGY,6,unintegrated_pull,10.657001240966247,9.765598322942699,11.577690677160454,194
matrix_left>=3,EGY,6,host_natural,-1.0100476366957438,-1.872044386031087,-0.09557444889521013,194
matrix_left>=3,EGY,6,host_random,4.635190992625718,4.040304634620234,5.2362813719922725,194
matrix_left>=3,EGY,6,target_own_logit,12.755953523301587,11.838808305884145,13.645408966799371,194
matrix_left>=3,EGY,7,natural_pull,4.840456426758127,4.019279574303283,5.702551796848011,194
matrix_left>=3,EGY,7,unintegrated_pull,9.173034021534871,8.322109924579404,10.071628949875683,194
matrix_left>=3,EGY,7,host_natural,-0.9747226361146907,-1.8029877133283418,-0.0950538757842847,194
matrix_left>=3,EGY,7,host_random,4.3064148739441155,3.7081209326988644,4.946436746833251,194
matrix_left>=3,EGY,7,target_own_logit,12.49986404303423,11.647773184005134,13.361868594387142,194
matrix_left>=3,EGY,8,natural_pull,4.605674065265459,3.7742858462112463,5.4865790519517725,194
matrix_left>=3,EGY,8,unintegrated_pull,9.189396802912054,8.289228055096164,10.139819893148756,194
matrix_left>=3,EGY,8,host_natural,-1.5518996273119425,-2.4855929292661627,-0.6109862267356562,194
matrix_left>=3,EGY,8,host_random,4.485571063670916,3.8586420114507383,5.121323968039959,194
matrix_left>=3,EGY,8,target_own_logit,12.822312062548608,12.0061139780836,13.651063753280443,194
matrix_left>=3,EGY,9,natural_pull,4.031742946388795,3.308103718524127,4.772809603994654,194
matrix_left>=3,EGY,9,unintegrated_pull,8.795218334984533,7.978075124891762,9.633701283630636,194
matrix_left>=3,EGY,9,host_natural,-1.9209308575109107,-2.8498696851976137,-0.9621975038469468,194
matrix_left>=3,EGY,9,host_random,4.969832809929995,4.324290265649864,5.662367083362697,194
matrix_left>=3,EGY,9,target_own_logit,12.367215945548619,11.67340138059916,13.083234566419394,194
matrix_left>=3,EGY,10,natural_pull,3.8913628022695326,3.060762570168554,4.724910470167385,194
matrix_left>=3,EGY,10,unintegrated_pull,9.414276940306438,8.549998270574303,10.338059187089044,194
matrix_left>=3,EGY,10,host_natural,-1.7143118676451063,-2.6634076186676614,-0.7269710068696554,194
matrix_left>=3,EGY,10,host_random,5.119469065027139,4.457764772087643,5.800877974666271,194
matrix_left>=3,EGY,10,target_own_logit,12.947891447961945,12.197659102788906,13.706366674617394,194
matrix_left>=3,EGY,11,natural_pull,4.740127312768366,3.8641545669319703,5.597757812382019,194
matrix_left>=3,EGY,11,unintegrated_pull,10.720063568390522,9.88889941702184,11.65455984934089,194
matrix_left>=3,EGY,11,host_natural,-2.1578638934597527,-3.081276367005614,-1.2164784389211964,194
matrix_left>=3,EGY,11,host_random,5.4808388487579895,4.805170656848199,6.22149973020111,194
matrix_left>=3,EGY,11,target_own_logit,14.02645689433383,13.29092096538888,14.747821774556463,194
matrix_left>=3,EGY,12,natural_pull,4.402056132395243,3.5652132326180173,5.234877357101932,194
matrix_left>=3,EGY,12,unintegrated_pull,9.98894443217012,9.096994758451107,10.917910095895687,194
matrix_left>=3,EGY,12,host_natural,-1.532980183350671,-2.4938033730559743,-0.5393823740715844,194
matrix_left>=3,EGY,12,host_random,5.64975787991101,4.9879690030340065,6.365636352948921,194
matrix_left>=3,EGY,12,target_own_logit,14.03272699326584,13.302872784727628,14.734767079844918,194
matrix_left>=3,EGY,13,natural_pull,5.298081723685117,4.415139532642266,6.228453738419051,194
matrix_left>=3,EGY,13,unintegrated_pull,11.128380876226524,10.222545405085553,12.107322436601844,194
matrix_left>=3,EGY,13,host_natural,-1.158447918818169,-2.0920744744772763,-0.14008139009328271,194
matrix_left>=3,EGY,13,host_random,5.779240309577627,5.0737534482147275,6.495092806158606,194
matrix_left>=3,EGY,13,target_own_logit,14.294222002176895,13.581064347661647,14.994662405412223,194
matrix_left>=3,EGY,14,natural_pull,5.026265784637215,4.081947606126057,5.986509460763833,194
matrix_left>=3,EGY,14,unintegrated_pull,11.087803811142125,10.106615102045314,12.094821157990044,194
matrix_left>=3,EGY,14,host_natural,-1.5063352289888048,-2.4045783974767962,-0.48933596445113126,194
matrix_left>=3,EGY,14,host_random,5.986044376781306,5.316019087292484,6.699950509387808,194
matrix_left>=3,EGY,14,target_own_logit,14.453533967745672,13.725747384914419,15.202105034903154,194
matrix_left>=3,EGY,15,natural_pull,4.573234492970496,3.707302728110982,5.490641738858419,194
matrix_left>=3,EGY,15,unintegrated_pull,9.828020076161808,8.909059900905667,10.830648288714515,194
matrix_left>=3,EGY,15,host_natural,-1.318848573055464,-2.257086636556178,-0.30178788033957366,194
matrix_left>=3,EGY,15,host_random,5.516281393999906,4.862364084834291,6.259875909907301,194
matrix_left>=3,EGY,15,target_own_logit,13.536224751128364,12.843068379286638,14.233531634156236,194
matrix_left>=3,EGY,16,natural_pull,4.739054328387546,3.849628673693568,5.609777635458818,194
matrix_left>=3,EGY,16,unintegrated_pull,9.988454269379684,9.094871904985192,10.937475766564154,194
matrix_left>=3,EGY,16,host_natural,-1.2361242273419173,-2.16052472089062,-0.3223657459942337,194
matrix_left>=3,EGY,16,host_random,5.71904173954246,5.053591777799055,6.449271926283834,194
matrix_left>=3,EGY,16,target_own_logit,13.107816139447321,12.418818238346848,13.810607407879584,194
matrix_left>=3,EGY,17,natural_pull,4.530408270580253,3.7119757177289,5.378980398638961,194
matrix_left>=3,EGY,17,unintegrated_pull,9.048652231078787,8.218165065455683,9.95531305418801,194
matrix_left>=3,EGY,17,host_natural,-1.0955193577353488,-2.0300259399659857,-0.12794147007858733,194
matrix_left>=3,EGY,17,host_random,5.911261767456212,5.239921257667935,6.619597647561855,194
matrix_left>=3,EGY,17,target_own_logit,12.568729137636952,11.955966400178438,13.194920196146079,194
matrix_left>=3,EGY,18,natural_pull,5.152614315760505,4.269862647216345,6.1126368279309595,194
matrix_left>=3,EGY,18,unintegrated_pull,9.980871571707972,9.099162524877135,10.89049810115824,194
matrix_left>=3,EGY,18,host_natural,-1.2620723358134633,-2.1500721124336892,-0.3323823756471128,194
matrix_left>=3,EGY,18,host_random,6.250983868677592,5.560255066604959,6.991837834420893,194
matrix_left>=3,EGY,18,target_own_logit,12.660039331495147,12.008114804250678,13.328024872676613,194
matrix_left>=3,EGY,19,natural_pull,4.176573990546551,3.336449756542432,5.022407528819497,194
matrix_left>=3,EGY,19,unintegrated_pull,9.137917524760532,8.265846928831229,10.075022289064739,194
matrix_left>=3,EGY,19,host_natural,-1.9708645773917128,-2.8667511239187005,-1.0448053811936042,194
matrix_left>=3,EGY,19,host_random,6.223222529765257,5.531946738724856,6.978593099916104,194
matrix_left>=3,EGY,19,target_own_logit,12.401656424876341,11.830330755354202,12.9895800305396,194
matrix_left>=3,EGY,20,natural_pull,4.684130518706803,3.7368851399298797,5.672711963997673,194
matrix_left>=3,EGY,20,unintegrated_pull,10.346259349400235,9.421954917539027,11.27314680237131,194
matrix_left>=3,EGY,20,host_natural,-1.5970918444014086,-2.491107172357667,-0.6447254546217106,194
matrix_left>=3,EGY,20,host_random,6.506823137863395,5.839898952811034,7.224097785292211,194
matrix_left>=3,EGY,20,target_own_logit,12.382321819816667,11.73037619762814,13.016820414840561,194
matrix_left>=3,EGY,21,natural_pull,4.668980630402713,3.6917335668789972,5.650694224576361,194
matrix_left>=3,EGY,21,unintegrated_pull,9.98655143349441,9.128673283556074,10.84002574860435,194
matrix_left>=3,EGY,21,host_natural,-1.4032269015754621,-2.2167815725213473,-0.5323578304543938,194
matrix_left>=3,EGY,21,host_random,6.727646035017426,6.040771464035683,7.436764310284988,194
matrix_left>=3,EGY,21,target_own_logit,11.610393160397244,10.954685877094564,12.249272701359287,194
matrix_left>=3,EGY,22,natural_pull,4.912178676152966,3.9385974201959435,5.897645785390716,194
matrix_left>=3,EGY,22,unintegrated_pull,9.89703382413412,9.025132994430582,10.809528661511608,194
matrix_left>=3,EGY,22,host_natural,-2.2779274035974875,-3.113081441927202,-1.3757452490096245,194
matrix_left>=3,EGY,22,host_random,6.311742284863265,5.652261073718367,7.006746714846375,194
matrix_left>=3,EGY,22,target_own_logit,12.529927653135713,11.802734689737104,13.238897091518972,194
matrix_left>=3,EGY,23,natural_pull,5.539363509600925,4.645184720115563,6.471525764588227,194
matrix_left>=3,EGY,23,unintegrated_pull,11.030670097193767,10.138581136575679,11.956517584913785,194
matrix_left>=3,EGY,23,host_natural,-1.410231732830559,-2.3265706490917304,-0.4272238187261477,194
matrix_left>=3,EGY,23,host_random,7.056862501753974,6.3615591430172485,7.801155096538288,194
matrix_left>=3,EGY,23,target_own_logit,13.120490627804982,12.39429876295869,13.860346320440474,194
matrix_left>=3,EGY,24,natural_pull,4.8698040431307765,3.8951872152766,5.87983666898049,194
matrix_left>=3,EGY,24,unintegrated_pull,10.772236178830727,9.872309571043733,11.713025892088094,194
matrix_left>=3,EGY,24,host_natural,-0.9799164207940249,-2.0111643413446614,0.12378343657119971,194
matrix_left>=3,EGY,24,host_random,7.435914584656351,6.7143196448530125,8.219347186770635,194
matrix_left>=3,EGY,24,target_own_logit,13.496560836575695,12.753163100026317,14.238838944054141,194
matrix_left>=3,EGY,25,natural_pull,4.351217257607844,3.369481325948361,5.343625097913838,194
matrix_left>=3,EGY,25,unintegrated_pull,10.65014223831216,9.690348172802285,11.64925508532942,194
matrix_left>=3,EGY,25,host_natural,-1.4215553347597416,-2.436334585959149,-0.3505707076069015,194
matrix_left>=3,EGY,25,host_random,7.19130210839596,6.523540489621384,7.897876373271352,194
matrix_left>=3,EGY,25,target_own_logit,13.68504292202979,12.948807591199875,14.424566787174067,194
matrix_left>=3,EGY,26,natural_pull,4.119997334234493,3.1642115019645884,5.088717383453526,194
matrix_left>=3,EGY,26,unintegrated_pull,10.441742174404183,9.511298796196574,11.409167307430936,194
matrix_left>=3,EGY,26,host_natural,-1.5682503777680938,-2.547936829648067,-0.47239942687381203,194
matrix_left>=3,EGY,26,host_random,7.144597418529472,6.430016904716025,7.894179216580292,194
matrix_left>=3,EGY,26,target_own_logit,13.768906735882316,13.098537431857022,14.412196924883066,194
matrix_left>=3,EGY,27,natural_pull,4.588984081425617,3.635904140693625,5.567678779793768,194
matrix_left>=3,EGY,27,unintegrated_pull,10.637723909210912,9.644068230796107,11.715685595710253,194
matrix_left>=3,EGY,27,host_natural,-1.9727610779791762,-2.9739013057240506,-0.8589049731486852,194
matrix_left>=3,EGY,27,host_random,7.041714418794691,6.362935298558362,7.741277633376956,194
matrix_left>=3,EGY,27,target_own_logit,14.34793772525394,13.62431919639258,15.032153083061432,194
matrix_left>=3,EGY,28,natural_pull,5.206998500627341,4.128164791753612,6.263018230740556,194
matrix_left>=3,EGY,28,unintegrated_pull,11.788202384083542,10.672661562187155,12.970219308752375,194
matrix_left>=3,EGY,28,host_natural,-2.467439767011662,-3.5538890590987253,-1.2519170104535589,194
matrix_left>=3,EGY,28,host_random,7.141555840207129,6.5255990437318365,7.820129803099583,194
matrix_left>=3,EGY,28,target_own_logit,16.269775595861613,15.433351830016706,17.062537746331127,194
matrix_left>=3,EGY,29,natural_pull,4.836239018391088,3.8230292946407474,5.80705446017157,194
matrix_left>=3,EGY,29,unintegrated_pull,11.039636053989843,9.963727012921854,12.1593402487101,194
matrix_left>=3,EGY,29,host_natural,-2.859296153501137,-3.9092517778738256,-1.7071240779358094,194
matrix_left>=3,EGY,29,host_random,6.913230793992269,6.270164372610678,7.581912849566986,194
matrix_left>=3,EGY,29,target_own_logit,15.442924173836856,14.66410315396245,16.18574504753978,194
matrix_left>=3,EGY,30,natural_pull,5.091822781513646,4.071413604193127,6.081558974317668,194
matrix_left>=3,EGY,30,unintegrated_pull,11.133176738453894,10.071340528683564,12.204465469687255,194
matrix_left>=3,EGY,30,host_natural,-2.609648767205858,-3.628134070536525,-1.4782931050842574,194
matrix_left>=3,EGY,30,host_random,7.054242356536315,6.396166582912514,7.742921477064643,194
matrix_left>=3,EGY,30,target_own_logit,15.30844305716839,14.544444987208573,16.048864334944597,194
matrix_left>=3,EGY,31,natural_pull,5.143687736127794,4.0753153024875015,6.171476278139144,194
matrix_left>=3,EGY,31,unintegrated_pull,11.62649412007676,10.540088854468976,12.708423090687731,194
matrix_left>=3,EGY,31,host_natural,-2.948884875504012,-4.037754791253006,-1.7791036494613923,194
matrix_left>=3,EGY,31,host_random,6.989648076676831,6.37355954173914,7.614287973725303,194
matrix_left>=3,EGY,31,target_own_logit,15.807993597591047,14.983351513866296,16.608638546669606,194
matrix_left>=3,EGY,32,natural_pull,4.890293332719311,3.9105418784102213,5.848591945957891,194
matrix_left>=3,EGY,32,unintegrated_pull,10.569112445890289,9.573541395381554,11.558698645879312,194
matrix_left>=3,EGY,32,host_natural,-2.241874620472033,-3.2434614433302094,-1.2032250219091927,194
matrix_left>=3,EGY,32,host_random,6.8767316562613265,6.255295563235725,7.55395352023164,194
matrix_left>=3,EGY,32,target_own_logit,14.230549871307058,13.492453251118512,14.907149692601763,194
matrix_left>=3,EGY,33,natural_pull,5.5026857828356555,4.512225201572339,6.481256327493903,194
matrix_left>=3,EGY,33,unintegrated_pull,11.065585802510842,10.03338004387531,12.090196012774694,194
matrix_left>=3,EGY,33,host_natural,-2.329937193811554,-3.364474257934339,-1.2778767993308842,194
matrix_left>=3,EGY,33,host_random,6.887444883277736,6.240118791884983,7.583026785672326,194
matrix_left>=3,EGY,33,target_own_logit,14.764752813221254,13.986515251447246,15.475459533745479,194
matrix_left>=3,EGY,34,natural_pull,5.743058386537218,4.732085273806582,6.75114912323116,194
matrix_left>=3,EGY,34,unintegrated_pull,11.254546353497457,10.235761620887775,12.276109682008162,194
matrix_left>=3,EGY,34,host_natural,-2.6280860231094754,-3.614221544978545,-1.6006449469586017,194
matrix_left>=3,EGY,34,host_random,6.682925804374144,6.0431648398183055,7.352711796883454,194
matrix_left>=3,EGY,34,target_own_logit,14.992746358679742,14.22108308338013,15.722886613933081,194
matrix_left>=3,EGY,35,natural_pull,5.674722929590756,4.693137687383238,6.6626057626660335,194
matrix_left>=3,EGY,35,unintegrated_pull,11.292584228761417,10.301237708545223,12.316004620753612,194
matrix_left>=3,EGY,35,host_natural,-2.306848816035949,-3.256734114708667,-1.3212698718475322,194
matrix_left>=3,EGY,35,host_random,7.119496813754446,6.477940094624598,7.8243378249025834,194
matrix_left>=3,EGY,35,target_own_logit,14.638910668412434,13.889625764353989,15.369607193414698,194
matrix_left>=3,EGY,36,natural_pull,4.896508959150806,3.9917588961493107,5.83437017374432,194
matrix_left>=3,EGY,36,unintegrated_pull,10.503980491579194,9.466218523389285,11.588100881920646,194
matrix_left>=3,EGY,36,host_natural,-2.089045187861649,-3.002604616610045,-1.1572650704187226,194
matrix_left>=3,EGY,36,host_random,7.391504844439399,6.69040377001787,8.08681919860471,194
matrix_left>=3,EGY,36,target_own_logit,13.304785386803223,12.649596096744244,13.947559670443386,194
matrix_left>=3,MSA,0,natural_pull,0.0,0.0,0.0,199
matrix_left>=3,MSA,0,unintegrated_pull,0.0,0.0,0.0,199
matrix_left>=3,MSA,0,host_natural,-0.49795240845212985,-0.8450662479815472,-0.15880948935621356,199
matrix_left>=3,MSA,0,host_random,0.45619620584962356,0.10256084442213552,0.8181377588953803,199
matrix_left>=3,MSA,0,target_own_logit,2.403624199443127,2.075131430349608,2.767666203607267,199
matrix_left>=3,MSA,1,natural_pull,0.9623497934197661,0.6104219714600836,1.312890655191699,199
matrix_left>=3,MSA,1,unintegrated_pull,2.244467894635608,1.843097111897253,2.6494604516868017,199
matrix_left>=3,MSA,1,host_natural,-0.20560509924912573,-0.7665346299508708,0.36280187696368216,199
matrix_left>=3,MSA,1,host_random,1.6328813110164662,1.0868025378815493,2.1531500595223965,199
matrix_left>=3,MSA,1,target_own_logit,3.872855175080611,3.268489197151146,4.460345281263691,199
matrix_left>=3,MSA,2,natural_pull,2.95425405454396,2.3897959851739397,3.49172584974586,199
matrix_left>=3,MSA,2,unintegrated_pull,4.932973638551319,4.337299764658039,5.488881074498646,199
matrix_left>=3,MSA,2,host_natural,1.0532296620421673,0.3932258899637203,1.695945906182328,199
matrix_left>=3,MSA,2,host_random,2.9589286770053844,2.339179078111397,3.564342789494212,199
matrix_left>=3,MSA,2,target_own_logit,5.0374324935764525,4.406398090847473,5.684013311250425,199
matrix_left>=3,MSA,3,natural_pull,3.940444788441586,3.3164682080098733,4.530112823799028,199
matrix_left>=3,MSA,3,unintegrated_pull,6.7071126600605755,6.04712539476965,7.327642150814809,199
matrix_left>=3,MSA,3,host_natural,1.1314918884080858,0.4254181924102894,1.8045484802905631,199
matrix_left>=3,MSA,3,host_random,3.426232230124162,2.7006775859013277,4.100143910278028,199
matrix_left>=3,MSA,3,target_own_logit,5.403702088636369,4.79660873231127,5.971853937096332,199
matrix_left>=3,MSA,4,natural_pull,5.784737267985416,5.059071666054689,6.484666468862014,199
matrix_left>=3,MSA,4,unintegrated_pull,9.640547204257256,8.848938720954123,10.418892314101583,199
matrix_left>=3,MSA,4,host_natural,1.9210665426661622,1.1459482546502622,2.6920738247171716,199
matrix_left>=3,MSA,4,host_random,5.54351732838693,4.625531314350852,6.432443095174566,199
matrix_left>=3,MSA,4,target_own_logit,5.959658522102701,5.363530173613198,6.534832012091749,199
matrix_left>=3,MSA,5,natural_pull,6.347030790007893,5.516697288517976,7.150511621275739,199
matrix_left>=3,MSA,5,unintegrated_pull,11.046530528883238,10.15328310531887,11.931193258190275,199
matrix_left>=3,MSA,5,host_natural,2.8652574252243617,2.0735124066472053,3.717854171145202,199
matrix_left>=3,MSA,5,host_random,6.841535019515148,5.842651879532853,7.764226395505756,199
matrix_left>=3,MSA,5,target_own_logit,5.822664077557511,5.236962631090203,6.395926909021397,199
matrix_left>=3,MSA,6,natural_pull,6.328438377859604,5.452088373869508,7.15211343798206,199
matrix_left>=3,MSA,6,unintegrated_pull,10.96994350843094,10.122596335920257,11.809555353276693,199
matrix_left>=3,MSA,6,host_natural,2.5735984513508017,1.6853155416984056,3.4418017984335147,199
matrix_left>=3,MSA,6,host_random,6.958915270153602,5.961195576160996,7.9526545101524,199
matrix_left>=3,MSA,6,target_own_logit,5.71308694802337,5.092862844309915,6.309474580559,199
matrix_left>=3,MSA,7,natural_pull,4.757928358550048,3.969880655183265,5.438979132024187,199
matrix_left>=3,MSA,7,unintegrated_pull,9.021738327927325,8.33359965053036,9.747286258151183,199
matrix_left>=3,MSA,7,host_natural,1.9606075238941902,1.1716311105906063,2.7564045599132916,199
matrix_left>=3,MSA,7,host_random,5.5825956517727535,4.6294657346441515,6.506173982991645,199
matrix_left>=3,MSA,7,target_own_logit,5.272947833765691,4.633600050195977,5.8980406902543265,199
matrix_left>=3,MSA,8,natural_pull,4.4142591294331766,3.5531715825574484,5.208002714026513,199
matrix_left>=3,MSA,8,unintegrated_pull,8.684240082999569,7.913982196204627,9.451338953169147,199
matrix_left>=3,MSA,8,host_natural,1.7834508065602288,0.986651308153143,2.603225087430608,199
matrix_left>=3,MSA,8,host_random,6.191256704641946,5.278732587898796,7.083013309246331,199
matrix_left>=3,MSA,8,target_own_logit,5.300256046218489,4.680444918071205,5.9029614241428705,199
matrix_left>=3,MSA,9,natural_pull,4.78265456458432,3.893134741492607,5.609785722548039,199
matrix_left>=3,MSA,9,unintegrated_pull,9.31795875630786,8.509988134380562,10.133156790505701,199
matrix_left>=3,MSA,9,host_natural,1.9293123819121165,1.065822160214036,2.791458223692735,199
matrix_left>=3,MSA,9,host_random,6.585632775896158,5.6950004917143575,7.503590504997339,199
matrix_left>=3,MSA,9,target_own_logit,5.562383407923444,4.918488922116145,6.1607400392467655,199
matrix_left>=3,MSA,10,natural_pull,5.3428714239417605,4.468752640365955,6.173854184659882,199
matrix_left>=3,MSA,10,unintegrated_pull,9.47787643257697,8.735328147638983,10.205850354061653,199
matrix_left>=3,MSA,10,host_natural,2.2090320790832365,1.391676651772542,3.062480974661644,199
matrix_left>=3,MSA,10,host_random,6.506403294040929,5.6742125524048825,7.307206995313491,199
matrix_left>=3,MSA,10,target_own_logit,5.363706485709953,4.7895661254773785,5.960865389252428,199
matrix_left>=3,MSA,11,natural_pull,5.478121381908206,4.61332992388675,6.312468742665334,199
matrix_left>=3,MSA,11,unintegrated_pull,9.965798427112139,9.229869284971276,10.683130966014598,199
matrix_left>=3,MSA,11,host_natural,3.0450766811418775,2.182379330118098,3.882518882517838,199
matrix_left>=3,MSA,11,host_random,7.408170483819204,6.599923212743884,8.215748277995456,199
matrix_left>=3,MSA,11,target_own_logit,5.144459787325643,4.544548027539373,5.725409855540074,199
matrix_left>=3,MSA,12,natural_pull,5.919388013868476,4.991746736561233,6.787092922246035,199
matrix_left>=3,MSA,12,unintegrated_pull,10.561982134478775,9.733882820276758,11.349519208148497,199
matrix_left>=3,MSA,12,host_natural,2.654532340902779,1.7943997548902453,3.5390255052839685,199
matrix_left>=3,MSA,12,host_random,6.868286147788542,6.071311193584797,7.664740730904454,199
matrix_left>=3,MSA,12,target_own_logit,5.519423875976448,4.905405969685646,6.052870047496791,199
matrix_left>=3,MSA,13,natural_pull,6.619984787313183,5.595979015791237,7.5399372448424,199
matrix_left>=3,MSA,13,unintegrated_pull,11.851196221969834,10.9730321466773,12.669195605941754,199
matrix_left>=3,MSA,13,host_natural,2.627788287311343,1.772516636767579,3.558761632187881,199
matrix_left>=3,MSA,13,host_random,7.182438993573788,6.328377292608496,7.97110139475995,199
matrix_left>=3,MSA,13,target_own_logit,5.880879984429134,5.279641350384932,6.442930233089169,199
matrix_left>=3,MSA,14,natural_pull,6.378423339757488,5.363555257883503,7.286038893820652,199
matrix_left>=3,MSA,14,unintegrated_pull,11.344922177156612,10.462321850882104,12.19118338329109,199
matrix_left>=3,MSA,14,host_natural,2.560565598646001,1.7249281641526437,3.4311638847367845,199
matrix_left>=3,MSA,14,host_random,7.208115224263177,6.361393966986306,8.038348204885894,199
matrix_left>=3,MSA,14,target_own_logit,5.621591269071378,5.002728253318437,6.228040193702707,199
matrix_left>=3,MSA,15,natural_pull,5.78200509859689,4.869224800057148,6.60035946706132,199
matrix_left>=3,MSA,15,unintegrated_pull,10.607792787216416,9.785890812131028,11.392135278573587,199
matrix_left>=3,MSA,15,host_natural,2.2766069335554113,1.4906298645177678,3.09973055456751,199
matrix_left>=3,MSA,15,host_random,6.653938821811772,5.850668788375567,7.4426177730212855,199
matrix_left>=3,MSA,15,target_own_logit,5.2929432985171605,4.738637773101054,5.8344356273586415,199
matrix_left>=3,MSA,16,natural_pull,5.7089617539889845,4.749533965614573,6.591825187670525,199
matrix_left>=3,MSA,16,unintegrated_pull,10.362718000483872,9.520375981507588,11.166666548500709,199
matrix_left>=3,MSA,16,host_natural,2.192401527160376,1.4412625703080815,2.980293871769354,199
matrix_left>=3,MSA,16,host_random,6.601166913257772,5.833423461341978,7.370653780306403,199
matrix_left>=3,MSA,16,target_own_logit,5.097636718246805,4.502077175998807,5.661647531015788,199
matrix_left>=3,MSA,17,natural_pull,5.819791467944581,4.878149482742626,6.654299755491803,199
matrix_left>=3,MSA,17,unintegrated_pull,10.607110505727068,9.74122432045002,11.395649153623149,199
matrix_left>=3,MSA,17,host_natural,2.194707249876243,1.4292529697544012,2.9584640548307086,199
matrix_left>=3,MSA,17,host_random,6.29879414016877,5.516695302275557,7.0480865120288705,199
matrix_left>=3,MSA,17,target_own_logit,5.127021429526746,4.557577327103471,5.685854728677165,199
matrix_left>=3,MSA,18,natural_pull,5.776798407636096,4.8244743376521,6.665352119992126,199
matrix_left>=3,MSA,18,unintegrated_pull,11.047616693841752,10.184469162669014,11.878726167535063,199
matrix_left>=3,MSA,18,host_natural,2.68937086699596,1.8351442240290907,3.5443371460964928,199
matrix_left>=3,MSA,18,host_random,6.481774956736732,5.761395495590852,7.180378291295401,199
matrix_left>=3,MSA,18,target_own_logit,4.988067514333293,4.395754403145468,5.586943646831129,199
matrix_left>=3,MSA,19,natural_pull,5.344250599942614,4.426611706659422,6.192020793656008,199
matrix_left>=3,MSA,19,unintegrated_pull,10.480943096342997,9.670960253866474,11.302067848366109,199
matrix_left>=3,MSA,19,host_natural,2.8558183938414605,2.0067315402342447,3.721434705101664,199
matrix_left>=3,MSA,19,host_random,6.487967696022149,5.764985846454773,7.179618232334079,199
matrix_left>=3,MSA,19,target_own_logit,4.555702286149988,3.966140604767967,5.120457200848278,199
matrix_left>=3,MSA,20,natural_pull,6.199434300762924,5.200608599695129,7.1038271300157705,199
matrix_left>=3,MSA,20,unintegrated_pull,11.86859936450594,10.966630306495494,12.771010730703871,199
matrix_left>=3,MSA,20,host_natural,3.2602331734182846,2.391512658667924,4.148114317655563,199
matrix_left>=3,MSA,20,host_random,7.5727982904443785,6.833748323294385,8.28333148743639,199
matrix_left>=3,MSA,20,target_own_logit,4.896838242085136,4.34238675769849,5.445783787905871,199
matrix_left>=3,MSA,21,natural_pull,5.698923403294242,4.709325444967902,6.623634323163248,199
matrix_left>=3,MSA,21,unintegrated_pull,11.426639662316097,10.516495354391221,12.288825405752238,199
matrix_left>=3,MSA,21,host_natural,2.6799825423925965,1.7921688256251753,3.579388397213202,199
matrix_left>=3,MSA,21,host_random,7.250627352364698,6.550425652073855,7.985284502662006,199
matrix_left>=3,MSA,21,target_own_logit,5.152814509281561,4.608453465795996,5.6661563817280625,199
matrix_left>=3,MSA,22,natural_pull,5.588162897819251,4.611457474537231,6.4774203056067075,199
matrix_left>=3,MSA,22,unintegrated_pull,11.194924565415885,10.323661786347778,12.05779860567807,199
matrix_left>=3,MSA,22,host_natural,2.7779873160261603,1.89327902473397,3.680560134763094,199
matrix_left>=3,MSA,22,host_random,7.517899541998628,6.822358844747495,8.26090405244923,199
matrix_left>=3,MSA,22,target_own_logit,4.950277548938541,4.391776446631207,5.487858169192645,199
matrix_left>=3,MSA,23,natural_pull,6.419984738431384,5.394632925370231,7.377314069672445,199
matrix_left>=3,MSA,23,unintegrated_pull,12.119313798358093,11.284756165143833,12.97513040247275,199
matrix_left>=3,MSA,23,host_natural,3.0118580924805682,2.1006714373377697,3.9410729898879273,199
matrix_left>=3,MSA,23,host_random,8.689317632560154,7.947184670450699,9.439341974048757,199
matrix_left>=3,MSA,23,target_own_logit,5.498336914795727,4.897318801313789,6.101734097519112,199
matrix_left>=3,MSA,24,natural_pull,5.958487444187528,5.018388757274379,6.893832464388866,199
matrix_left>=3,MSA,24,unintegrated_pull,12.164757293672418,11.333253624211604,13.005457485351132,199
matrix_left>=3,MSA,24,host_natural,2.479639927346503,1.5349094272109132,3.4276093437743533,199
matrix_left>=3,MSA,24,host_random,8.20581956125384,7.455474313868949,8.985623317777213,199
matrix_left>=3,MSA,24,target_own_logit,5.435080969153936,4.8321372032764565,6.032296628403903,199
matrix_left>=3,MSA,25,natural_pull,6.283868822021101,5.325626559592971,7.201870293323719,199
matrix_left>=3,MSA,25,unintegrated_pull,12.10246702294853,11.230218225747496,12.966488753012076,199
matrix_left>=3,MSA,25,host_natural,3.0761863586291596,2.1678334197956115,3.965413430348113,199
matrix_left>=3,MSA,25,host_random,8.85223852030596,8.011638511230599,9.682555266555827,199
matrix_left>=3,MSA,25,target_own_logit,5.299226894450547,4.687353584604646,5.913894140301038,199
matrix_left>=3,MSA,26,natural_pull,5.787736082795877,4.8557004641048875,6.645551734983022,199
matrix_left>=3,MSA,26,unintegrated_pull,11.8758291563197,11.050403577957919,12.657845295703591,199
matrix_left>=3,MSA,26,host_natural,2.808126928818286,1.893139253384504,3.715992233037349,199
matrix_left>=3,MSA,26,host_random,9.0486708364295,8.235833353657817,9.861496116692695,199
matrix_left>=3,MSA,26,target_own_logit,5.120359082916873,4.528747911743783,5.70718970253839,199
matrix_left>=3,MSA,27,natural_pull,5.801861965476568,4.862564089010708,6.674033192563895,199
matrix_left>=3,MSA,27,unintegrated_pull,12.011384662072263,11.133701044291108,12.91036065098029,199
matrix_left>=3,MSA,27,host_natural,3.364458330312566,2.3933858960717167,4.311799063724489,199
matrix_left>=3,MSA,27,host_random,9.94950936966805,9.058652898938812,10.799778792906045,199
matrix_left>=3,MSA,27,target_own_logit,4.9691175929266,4.360917414672411,5.568224726205495,199
matrix_left>=3,MSA,28,natural_pull,5.7481346459844005,4.7403933187076195,6.714179671709261,199
matrix_left>=3,MSA,28,unintegrated_pull,12.140836885826072,11.177039053571884,13.101366992691652,199
matrix_left>=3,MSA,28,host_natural,3.8131295041223265,2.782275139926067,4.832594269079778,199
matrix_left>=3,MSA,28,host_random,10.490132421704393,9.478035032120182,11.45571518207914,199
matrix_left>=3,MSA,28,target_own_logit,4.655270441692678,4.041704695278676,5.276311213586797,199
matrix_left>=3,MSA,29,natural_pull,5.4135744188299135,4.438096913350887,6.358483894790836,199
matrix_left>=3,MSA,29,unintegrated_pull,11.774357418319088,10.852688561701894,12.690847252571402,199
matrix_left>=3,MSA,29,host_natural,3.8619266610648766,2.856158276598657,4.886143339998159,199
matrix_left>=3,MSA,29,host_random,10.170474263890904,9.22009547223997,11.087932119941591,199
matrix_left>=3,MSA,29,target_own_logit,4.411620980531127,3.792160556409227,5.020040119682724,199
matrix_left>=3,MSA,30,natural_pull,5.416036054117596,4.49749700004731,6.309441326940477,199
matrix_left>=3,MSA,30,unintegrated_pull,11.656848140697383,10.707065675845698,12.593010550677477,199
matrix_left>=3,MSA,30,host_natural,3.601803726886385,2.5911306581455262,4.637383879159563,199
matrix_left>=3,MSA,30,host_random,10.043468821587874,9.129280047171079,10.950818049218785,199
matrix_left>=3,MSA,30,target_own_logit,4.506256918212277,3.9300732837100725,5.09446306098346,199
matrix_left>=3,MSA,31,natural_pull,6.247699559034414,5.24716618827839,7.193212873702072,199
matrix_left>=3,MSA,31,unintegrated_pull,12.48661568775848,11.53061562036749,13.484000844631963,199
matrix_left>=3,MSA,31,host_natural,4.581777224588634,3.4753950686760287,5.685201696100546,199
matrix_left>=3,MSA,31,host_random,10.584477109525672,9.610535208334275,11.551824095380965,199
matrix_left>=3,MSA,31,target_own_logit,4.6058758221679,4.058716165405421,5.146119525249878,199
matrix_left>=3,MSA,32,natural_pull,6.33170745240983,5.373074906809845,7.275403679809978,199
matrix_left>=3,MSA,32,unintegrated_pull,12.080784377141214,11.151537393774818,13.041558978695365,199
matrix_left>=3,MSA,32,host_natural,4.199096768345665,3.1727262111914216,5.22013145105623,199
matrix_left>=3,MSA,32,host_random,9.855242995161507,8.917945847529262,10.730322252775558,199
matrix_left>=3,MSA,32,target_own_logit,4.76807947554181,4.18417091414557,5.343440399756982,199
matrix_left>=3,MSA,33,natural_pull,6.537479064572397,5.564698256035546,7.502163707026884,199
matrix_left>=3,MSA,33,unintegrated_pull,12.446337431519474,11.495195290191688,13.457508591401517,199
matrix_left>=3,MSA,33,host_natural,4.590309364711819,3.4949477464859213,5.648426423315426,199
matrix_left>=3,MSA,33,host_random,10.54193093489163,9.5302053597854,11.525040513606527,199
matrix_left>=3,MSA,33,target_own_logit,4.747008001385023,4.1776039415567965,5.33667221984372,199
matrix_left>=3,MSA,34,natural_pull,6.714822969843993,5.741554257827787,7.732262259527068,199
matrix_left>=3,MSA,34,unintegrated_pull,12.823152397146178,11.89329608367316,13.8033232648768,199
matrix_left>=3,MSA,34,host_natural,4.835372652240734,3.7803264767380815,5.85312576771681,199
matrix_left>=3,MSA,34,host_random,10.661403677571359,9.696217465849976,11.63118945128055,199
matrix_left>=3,MSA,34,target_own_logit,4.739616484498259,4.186127372932195,5.320685655732251,199
matrix_left>=3,MSA,35,natural_pull,6.349768596677924,5.3691556357109365,7.3370878278011045,199
matrix_left>=3,MSA,35,unintegrated_pull,12.819928993531807,11.923396635804345,13.7737886946405,199
matrix_left>=3,MSA,35,host_natural,4.446503822228418,3.4322493612616505,5.456792717790185,199
matrix_left>=3,MSA,35,host_random,10.271851335937653,9.363699660603725,11.17091015165475,199
matrix_left>=3,MSA,35,target_own_logit,4.615811101755305,4.066562879984103,5.159979662156883,199
matrix_left>=3,MSA,36,natural_pull,7.068823386676347,6.043071569869267,8.073577860941239,199
matrix_left>=3,MSA,36,unintegrated_pull,13.155000335607097,12.30552291882098,14.048261888512416,199
matrix_left>=3,MSA,36,host_natural,3.9430490067256754,3.0218255949978854,4.861402074685647,199
matrix_left>=3,MSA,36,host_random,9.337445436410569,8.538715970995439,10.153809607478241,199
matrix_left>=3,MSA,36,target_own_logit,5.3975513209050625,4.777053908936343,6.037258363908259,199
