group,ablation,measure,top5,random_mean,random_2.5,random_97.5,n_draws,p_rank_abs_ge_top5,contrast_top5_minus_random,contrast_lo,contrast_hi
MSA_in_EGY,target,d_own_logit,1.2388266465243172,0.03956834526941738,-0.2888243833805788,0.294776102008029,100,0.009900990099009901,1.1992583012548999,0.7530542468488945,1.6933158304496536
MSA_in_EGY,later,d_own_logit,0.0,0.0,0.0,0.0,100,1.0,0.0,0.0,0.0
MSA_in_EGY,span,d_own_logit,1.2388266465243172,-0.009333526195689314,-0.3055690001915483,0.2706433127350348,100,0.009900990099009901,1.2481601727200067,0.8025586001824491,1.7413121170964139
MSA_in_EGY,target,d_D_to_matrix,-0.17819938111432734,0.001809554214783531,-0.014003036493923576,0.025792736293160277,100,0.009900990099009901,-0.1800089353291109,-0.22807222828357268,-0.13592138527011813
MSA_in_EGY,later,d_D_to_matrix,0.0,0.0,0.0,0.0,100,1.0,0.0,0.0,0.0
MSA_in_EGY,span,d_D_to_matrix,-0.17819938111432734,0.0025645352493632923,-0.013008018722508681,0.025344040177085154,100,0.009900990099009901,-0.18076391636369063,-0.22904207691120895,-0.13705291888777701
MSA_in_EGY,target,d_cont_lp_matrix,-0.011291433263708043,-0.003039580031677529,-0.010407208568520017,0.003911948921503843,100,0.0297029702970297,-0.008251853232030516,-0.019278042882799162,0.0025804445632840053
MSA_in_EGY,later,d_cont_lp_matrix,-0.04717293492069951,-0.011936379406187268,-0.055946711699167886,0.028878227980048545,100,0.09900990099009901,-0.03523655551451224,-0.08990697432413305,0.022612206363150856
MSA_in_EGY,span,d_cont_lp_matrix,-0.054669998310230394,-0.008567431723629986,-0.05235978569145556,0.03337609067007344,100,0.0297029702970297,-0.046102566586600405,-0.10416351364514047,0.014883967842193301
MSA_in_EGY,target,d_cont_lp_own,0.005119337180218139,-0.006322779421295439,-0.021195261468264188,0.004093141430480903,100,0.49504950495049505,0.011442116601513579,0.0012323794935887157,0.023020408722247757
MSA_in_EGY,later,d_cont_lp_own,0.01607563685287129,-0.01887232952110179,-0.04525810308609303,0.0006658882725161326,100,0.5148514851485149,0.03494796637397308,0.019152954953132406,0.05159722900857917
MSA_in_EGY,span,d_cont_lp_own,0.024502904964731884,-0.0222220871418521,-0.057014419515798616,0.0014863691836982335,100,0.39603960396039606,0.046724992106583985,0.02901043730448444,0.06469569588675468
MSA_in_EGY,target,d_cont_lp_all,0.0029501308572483574,-0.005860364438696979,-0.017101605375979673,0.0016924625172971947,100,0.7623762376237624,0.008810495295945336,-0.00012257331073708407,0.018281728650669297
MSA_in_EGY,later,d_cont_lp_all,0.009611642934421804,-0.01655547238448087,-0.0318219131067953,-0.0014872294417358379,100,0.8316831683168316,0.026167115318902676,0.010233774964120668,0.04407890826751972
MSA_in_EGY,span,d_cont_lp_all,0.015457224080906832,-0.018799366943418664,-0.04399590055174368,-0.0027619754786000557,100,0.6039603960396039,0.03425659102432549,0.015558627658490337,0.054251992928950284
EGY_in_MSA,target,d_own_logit,-1.226460249838001,0.2706246571662183,-0.1050164688668565,0.519948596529618,100,0.009900990099009901,-1.4970849070042196,-1.7828780971851876,-1.2065683042659836
EGY_in_MSA,later,d_own_logit,0.0,0.0,0.0,0.0,100,1.0,0.0,0.0,0.0
EGY_in_MSA,span,d_own_logit,-1.226460249838001,0.2153886808820827,-0.06563035642315528,0.5522127046021158,100,0.009900990099009901,-1.441848930720084,-1.7187471696728844,-1.1595817513338056
EGY_in_MSA,target,d_D_to_matrix,0.18340253829956055,-0.027982836868948563,-0.06407777674183875,0.024350172388339465,100,0.009900990099009901,0.21138537516850908,0.17453221781310937,0.2474751194769944
EGY_in_MSA,later,d_D_to_matrix,0.0,0.0,0.0,0.0,100,1.0,0.0,0.0,0.0
EGY_in_MSA,span,d_D_to_matrix,0.18340253829956055,-0.021626060087523772,-0.06389084820618886,0.01579808291203961,100,0.009900990099009901,0.20502859838708434,0.16869041312080776,0.24053078220933954
EGY_in_MSA,target,d_cont_lp_matrix,0.007326786518096924,0.002406993317604065,-0.012709156155586243,0.016280161082744576,100,0.45544554455445546,0.004919793200492859,-0.012537178713530302,0.021175701333507883
EGY_in_MSA,later,d_cont_lp_matrix,0.07469221830368042,-0.01498713252544403,-0.055812758564949036,0.030245429277420036,100,0.009900990099009901,0.08967935082912444,0.03516880298793316,0.15578612422816449
EGY_in_MSA,span,d_cont_lp_matrix,0.08076505899429322,-0.005668048715591431,-0.04498010766506195,0.03173476219177245,100,0.009900990099009901,0.08643310770988463,0.02677755864957968,0.1561363536228354
EGY_in_MSA,target,d_cont_lp_own,-0.007280330544982861,-0.00044659113864493514,-0.011732964767934449,0.009609016242857071,100,0.2376237623762376,-0.006833739406337925,-0.019094238735882448,0.005103430201988085
EGY_in_MSA,later,d_cont_lp_own,-0.028322932182573805,-0.0009904780009992761,-0.007481498782541237,0.006553208779275805,100,0.009900990099009901,-0.02733245418157453,-0.04562750533639472,-0.008564813522928056
EGY_in_MSA,span,d_cont_lp_own,-0.035869197226038166,-0.0006670943710928647,-0.014469628281940042,0.015821261165870557,100,0.009900990099009901,-0.0352021028549453,-0.056399175676367104,-0.012662364946790168
EGY_in_MSA,target,d_cont_lp_all,-0.007058122111651712,1.2965345989444377e-05,-0.009906458040465138,0.009461880995038734,100,0.2079207920792079,-0.007071087457641156,-0.017656857436399682,0.004812426768697181
EGY_in_MSA,later,d_cont_lp_all,-0.019817659062539746,-0.0032043227767516043,-0.013846631312441682,0.005020797814794642,100,0.009900990099009901,-0.016613336285788146,-0.03586714922721087,-0.0002833782759934231
EGY_in_MSA,span,d_cont_lp_all,-0.026820116860423973,-0.0019192390072488498,-0.016598240899557838,0.01344608546284858,100,0.009900990099009901,-0.024900877853175123,-0.04722061139537203,-0.004039440461406052
mono_MSA,target,d_own_logit,-2.7504224598407747,0.03999136735200882,-0.32264871111512183,0.32254238547881436,100,0.009900990099009901,-2.7904138271927836,-2.9640863466844958,-2.6099797334073984
mono_MSA,later,d_own_logit,0.0,0.0,0.0,0.0,100,1.0,0.0,0.0,0.0
mono_MSA,span,d_own_logit,-2.7504224598407747,-0.014045507299900062,-0.3479068309565385,0.3082518135011196,100,0.009900990099009901,-2.7363769525408745,-2.9134653945013884,-2.5554673325330017
mono_MSA,target,d_D_to_matrix,-0.1001289439201355,0.011118924578030905,-0.004819337586561839,0.028956729729970272,100,0.009900990099009901,-0.1112478684981664,-0.1333415010436376,-0.08913392945508164
mono_MSA,later,d_D_to_matrix,0.0,0.0,0.0,0.0,100,1.0,0.0,0.0,0.0
mono_MSA,span,d_D_to_matrix,-0.1001289439201355,0.011604814934730532,-0.007463202238082885,0.02997012784083683,100,0.009900990099009901,-0.11173375885486601,-0.13363834870119887,-0.08986314557015898
mono_MSA,target,d_cont_lp_matrix,0.0054649295409520465,-0.0007332007924715678,-0.006492340326309205,0.0040153385947148,100,0.0594059405940594,0.0061981303334236165,-0.00011106601367394065,0.012663676764369011
mono_MSA,later,d_cont_lp_matrix,0.006670295794804891,-0.013077752296129863,-0.030697437644004823,0.0017244732578595315,100,0.7425742574257426,0.019748048090934757,0.007415569663246472,0.033012469787001605
mono_MSA,span,d_cont_lp_matrix,0.012408267060915629,-0.01239165670077006,-0.03503384147584439,0.0017931351810693728,100,0.38613861386138615,0.024799923761685688,0.010009845547080039,0.039517183975776034
mono_MSA,target,d_cont_lp_own,0.0054649295409520465,-0.0007332007924715678,-0.006492340326309205,0.0040153385947148,100,0.0594059405940594,0.0061981303334236165,-0.00011106601367394065,0.012663676764369011
mono_MSA,later,d_cont_lp_own,0.006670295794804891,-0.013077752296129863,-0.030697437644004823,0.0017244732578595315,100,0.7425742574257426,0.019748048090934757,0.007415569663246472,0.033012469787001605
mono_MSA,span,d_cont_lp_own,0.012408267060915629,-0.01239165670077006,-0.03503384147584439,0.0017931351810693728,100,0.38613861386138615,0.024799923761685688,0.010009845547080039,0.039517183975776034
mono_MSA,target,d_cont_lp_all,0.0054649295409520465,-0.0007332007924715678,-0.006492340326309205,0.0040153385947148,100,0.0594059405940594,0.0061981303334236165,-0.00011106601367394065,0.012663676764369011
mono_MSA,later,d_cont_lp_all,0.006670295794804891,-0.013077752296129863,-0.030697437644004823,0.0017244732578595315,100,0.7425742574257426,0.019748048090934757,0.007415569663246472,0.033012469787001605
mono_MSA,span,d_cont_lp_all,0.012408267060915629,-0.01239165670077006,-0.03503384147584439,0.0017931351810693728,100,0.38613861386138615,0.024799923761685688,0.010009845547080039,0.039517183975776034
mono_EGY,target,d_own_logit,-2.007512258688609,0.1715490582942963,-0.10582360156377157,0.39144985987742736,100,0.009900990099009901,-2.179061316982905,-2.411482053356171,-1.9499360407300788
mono_EGY,later,d_own_logit,0.0,0.0,0.0,0.0,100,1.0,0.0,0.0,0.0
mono_EGY,span,d_own_logit,-2.007512258688609,0.14043608989318213,-0.09889499653379122,0.402001510341962,100,0.009900990099009901,-2.147948348581791,-2.378080172339082,-1.922951908022463
mono_EGY,target,d_D_to_matrix,-0.19082101504007976,0.029999630626042686,-0.0012989074985186259,0.05344550987084706,100,0.009900990099009901,-0.22082064566612242,-0.25307882826189204,-0.19047187136153382
mono_EGY,later,d_D_to_matrix,0.0,0.0,0.0,0.0,100,1.0,0.0,0.0,0.0
mono_EGY,span,d_D_to_matrix,-0.19082101504007976,0.025098452123006182,-0.000688625951608022,0.05683164278666175,100,0.009900990099009901,-0.21591946716308588,-0.2471489377868176,-0.18607831908345224
mono_EGY,target,d_cont_lp_matrix,0.00171921173731486,-0.00047362079620361314,-0.005990044236183167,0.005048979858557383,100,0.6138613861386139,0.0021928325335184734,-0.007376581439971924,0.01241180191040039
mono_EGY,later,d_cont_lp_matrix,-0.02646703879038493,-0.01538229262828827,-0.034170578877131146,0.001395675043265023,100,0.16831683168316833,-0.011084746162096664,-0.034501531393130634,0.013348406027555463
mono_EGY,span,d_cont_lp_matrix,-0.02616435448328654,-0.013484760332107543,-0.03602666016419728,0.0025057140986124676,100,0.1188118811881188,-0.012679594151178997,-0.0376431642450889,0.013287842256029445
mono_EGY,target,d_cont_lp_own,0.00171921173731486,-0.00047362079620361314,-0.005990044236183167,0.005048979858557383,100,0.6138613861386139,0.0021928325335184734,-0.007376581439971924,0.01241180191040039
mono_EGY,later,d_cont_lp_own,-0.02646703879038493,-0.01538229262828827,-0.034170578877131146,0.001395675043265023,100,0.16831683168316833,-0.011084746162096664,-0.034501531393130634,0.013348406027555463
mono_EGY,span,d_cont_lp_own,-0.02616435448328654,-0.013484760332107543,-0.03602666016419728,0.0025057140986124676,100,0.1188118811881188,-0.012679594151178997,-0.0376431642450889,0.013287842256029445
mono_EGY,target,d_cont_lp_all,0.00171921173731486,-0.00047362079620361314,-0.005990044236183167,0.005048979858557383,100,0.6138613861386139,0.0021928325335184734,-0.007376581439971924,0.01241180191040039
mono_EGY,later,d_cont_lp_all,-0.02646703879038493,-0.01538229262828827,-0.034170578877131146,0.001395675043265023,100,0.16831683168316833,-0.011084746162096664,-0.034501531393130634,0.013348406027555463
mono_EGY,span,d_cont_lp_all,-0.02616435448328654,-0.013484760332107543,-0.03602666016419728,0.0025057140986124676,100,0.1188118811881188,-0.012679594151178997,-0.0376431642450889,0.013287842256029445
