variety,types,layer,n,p_own,ci_lo,ci_hi
MSA,unambiguous,0,476,0.8148204684257507,0.7829241065069746,0.8439054186554243
MSA,unambiguous,1,476,0.6712634563446045,0.6293369117771827,0.7104286971159818
MSA,unambiguous,2,476,0.6429935693740845,0.5999428731703763,0.6847028185208969
MSA,unambiguous,3,476,0.6475318074226379,0.6022504452784214,0.69176478199334
MSA,unambiguous,4,476,0.6498695611953735,0.6053425201378551,0.691845749332169
MSA,unambiguous,5,476,0.6260684132575989,0.5835574021536539,0.6682509413811042
MSA,unambiguous,6,476,0.6218001246452332,0.5768429573465238,0.6647825606129658
MSA,unambiguous,7,476,0.5950478315353394,0.5508115620090187,0.6409408200500893
MSA,unambiguous,8,476,0.5462489128112793,0.4997199412424702,0.5941299163835739
MSA,unambiguous,9,476,0.5575075745582581,0.5086219333662114,0.6073113269683352
MSA,unambiguous,10,476,0.5393420457839966,0.4898498434527117,0.5860448098436208
MSA,unambiguous,11,476,0.5809100866317749,0.5336872450600109,0.6250107446464623
MSA,unambiguous,12,476,0.5654594302177429,0.5196128745251668,0.6084177629578446
MSA,unambiguous,13,476,0.5741546154022217,0.530929117828521,0.617724730416538
MSA,unambiguous,14,476,0.5876115560531616,0.5437198540296853,0.6289368975615623
MSA,unambiguous,15,476,0.5849252343177795,0.5417820621497211,0.6265102531865983
MSA,unambiguous,16,476,0.5782683491706848,0.5306201083095629,0.6212886877110974
MSA,unambiguous,17,476,0.5698109865188599,0.5224676817169136,0.6150520039937218
MSA,unambiguous,18,476,0.584322452545166,0.5406652015662179,0.6290950015189375
MSA,unambiguous,19,476,0.5838695764541626,0.5381593356818147,0.6266935376942926
MSA,unambiguous,20,476,0.5923835039138794,0.5472255137642326,0.6363740503851715
MSA,unambiguous,21,476,0.5949835777282715,0.5526218944606212,0.6384280941651669
MSA,unambiguous,22,476,0.568287193775177,0.5214570819900206,0.6123598969131412
MSA,unambiguous,23,476,0.5733606815338135,0.5286827063088847,0.6162837449419031
MSA,unambiguous,24,476,0.5911638140678406,0.5451834462894503,0.6352954068265184
MSA,unambiguous,25,476,0.6080443859100342,0.5631861365138495,0.6504563119413292
MSA,unambiguous,26,476,0.5828466415405273,0.5351100497914568,0.628444911804396
MSA,unambiguous,27,476,0.5630751252174377,0.5181627877401839,0.6092615718504917
MSA,unambiguous,28,476,0.5542778968811035,0.5081617400116004,0.6001979441383297
MSA,unambiguous,29,476,0.576380729675293,0.5296949882645515,0.6228401393524001
MSA,unambiguous,30,476,0.5539141893386841,0.5069778140862434,0.5997252581764237
MSA,unambiguous,31,476,0.5263741612434387,0.4822365920788256,0.5707168433848239
MSA,unambiguous,32,476,0.5015009641647339,0.45162193787131866,0.5498619433233345
MSA,shared,0,1548,0.5186653733253479,0.5012829430558694,0.5357448140268031
MSA,shared,1,1548,0.47050365805625916,0.44173120392121124,0.500258159238326
MSA,shared,2,1548,0.4639355540275574,0.43400588674913376,0.49567075654075127
MSA,shared,3,1548,0.4566650092601776,0.4242312227785022,0.48908452809182085
MSA,shared,4,1548,0.48361238837242126,0.45363543604015816,0.5145513121121335
MSA,shared,5,1548,0.48595449328422546,0.4574467222867539,0.5159083085003361
MSA,shared,6,1548,0.4928364157676697,0.4637360018433717,0.522884034705963
MSA,shared,7,1548,0.5039094686508179,0.4744334026123222,0.5351076569710388
MSA,shared,8,1548,0.4709703028202057,0.4380556740526256,0.5036655141454247
MSA,shared,9,1548,0.46357637643814087,0.4285372061994793,0.4981827711573672
MSA,shared,10,1548,0.45395761728286743,0.4204748122311317,0.48788413541008585
MSA,shared,11,1548,0.44668838381767273,0.4158529771726325,0.48045464301761703
MSA,shared,12,1548,0.4478375017642975,0.4153775729797884,0.4812930870274026
MSA,shared,13,1548,0.4560299515724182,0.42097433484024,0.4908683813207755
MSA,shared,14,1548,0.4636104702949524,0.4314849170231578,0.49728945799022894
MSA,shared,15,1548,0.47314390540122986,0.44137953354554044,0.5053471870301133
MSA,shared,16,1548,0.47266438603401184,0.440149589373454,0.5058900085653342
MSA,shared,17,1548,0.47630879282951355,0.44484680625921397,0.5077018836084615
MSA,shared,18,1548,0.4746761620044708,0.44290633659050155,0.5065108711868282
MSA,shared,19,1548,0.4733659625053406,0.43985076426876774,0.5070503423846957
MSA,shared,20,1548,0.47386085987091064,0.44005888883064187,0.5079745097314545
MSA,shared,21,1548,0.46928665041923523,0.43575095530975033,0.5036451936168287
MSA,shared,22,1548,0.4639107286930084,0.43018184736241033,0.49983843691302116
MSA,shared,23,1548,0.45550692081451416,0.4199527089813594,0.4908513530450515
MSA,shared,24,1548,0.4575398862361908,0.4231519169338898,0.4929606938815476
MSA,shared,25,1548,0.46196863055229187,0.4276939472438284,0.4976685152771945
MSA,shared,26,1548,0.44777461886405945,0.4120837569254863,0.4842007334002068
MSA,shared,27,1548,0.4386707544326782,0.40489670544217626,0.4752591231141514
MSA,shared,28,1548,0.4371301531791687,0.4016517397063215,0.4742368581410377
MSA,shared,29,1548,0.4365184009075165,0.40036395180129525,0.4723059159906238
MSA,shared,30,1548,0.41523560881614685,0.3796038362449711,0.4527414987912124
MSA,shared,31,1548,0.4111140966415405,0.3764664961353512,0.44796425563046044
MSA,shared,32,1548,0.38718700408935547,0.3519993214084225,0.42647178401300545
EGY,unambiguous,0,423,0.8517151474952698,0.8201080986232635,0.8789599083492226
EGY,unambiguous,1,423,0.8521942496299744,0.818610709832884,0.8853565209577033
EGY,unambiguous,2,423,0.8362659811973572,0.8001560537362815,0.8686356857398014
EGY,unambiguous,3,423,0.8683598637580872,0.8366716539167471,0.8973729564723902
EGY,unambiguous,4,423,0.8718611001968384,0.8386059370119134,0.9014711000206184
EGY,unambiguous,5,423,0.8650303483009338,0.8324388317937266,0.8937283569525466
EGY,unambiguous,6,423,0.8715769052505493,0.839732068151387,0.8996299280568228
EGY,unambiguous,7,423,0.8681307435035706,0.8346863177158743,0.8960147669268461
EGY,unambiguous,8,423,0.8576591610908508,0.8243492979155108,0.8868094853879903
EGY,unambiguous,9,423,0.8463596701622009,0.8112082268013956,0.8765934591846177
EGY,unambiguous,10,423,0.8570676445960999,0.8234004414630386,0.8860613547633859
EGY,unambiguous,11,423,0.870404064655304,0.8379914806012932,0.8981442728232996
EGY,unambiguous,12,423,0.8758559226989746,0.8432294759575828,0.9040765233738097
EGY,unambiguous,13,423,0.8725314140319824,0.8399021178991629,0.9014857917674335
EGY,unambiguous,14,423,0.8857223391532898,0.8554978272291721,0.9118110959680699
EGY,unambiguous,15,423,0.8855047821998596,0.8562665178310858,0.9112809406211542
EGY,unambiguous,16,423,0.8815591335296631,0.8493999357129479,0.9080345561275777
EGY,unambiguous,17,423,0.9100712537765503,0.8826686837518318,0.9334240101158346
EGY,unambiguous,18,423,0.9021111726760864,0.8747202329731075,0.9260485916371205
EGY,unambiguous,19,423,0.9041876196861267,0.8764973147478291,0.9278839338576158
EGY,unambiguous,20,423,0.8957234025001526,0.8685913255384841,0.9213357897217946
EGY,unambiguous,21,423,0.8927797079086304,0.8645853483263817,0.9193686126621421
EGY,unambiguous,22,423,0.8778511881828308,0.8492628906238161,0.9034103720265024
EGY,unambiguous,23,423,0.8789651989936829,0.850663771489753,0.9056792195643382
EGY,unambiguous,24,423,0.8780380487442017,0.8465123053054434,0.9056410923259494
EGY,unambiguous,25,423,0.8813702464103699,0.8503521687733496,0.908176321636746
EGY,unambiguous,26,423,0.8709202408790588,0.8371002419354617,0.8998449304613095
EGY,unambiguous,27,423,0.8957329988479614,0.8647778365895684,0.9219880529276518
EGY,unambiguous,28,423,0.8865381479263306,0.8563499824696401,0.9126365525714709
EGY,unambiguous,29,423,0.8689967393875122,0.8365545973087121,0.8985274080551112
EGY,unambiguous,30,423,0.8809027075767517,0.8505491159497744,0.9087241187143503
EGY,unambiguous,31,423,0.8778488636016846,0.8473346829572214,0.9066087358941208
EGY,unambiguous,32,423,0.8746100068092346,0.8417040206260696,0.9023609736772781
EGY,shared,0,1656,0.5720974206924438,0.5537177999430808,0.5905027163804913
EGY,shared,1,1656,0.5694082379341125,0.5404529034130086,0.598120832974947
EGY,shared,2,1656,0.5934509634971619,0.563028636563207,0.6240918166335392
EGY,shared,3,1656,0.6199846267700195,0.5887911788606547,0.6503575550786007
EGY,shared,4,1656,0.637926459312439,0.6106372467067327,0.6635439215456465
EGY,shared,5,1656,0.6430752277374268,0.6152016200053846,0.6700796223775283
EGY,shared,6,1656,0.6520716547966003,0.6242159106343824,0.6788384650598387
EGY,shared,7,1656,0.6622641086578369,0.6312662369502393,0.6905072411451618
EGY,shared,8,1656,0.6681612730026245,0.6378736182154996,0.6966440071421458
EGY,shared,9,1656,0.6577922701835632,0.6268037782038018,0.6863932308247609
EGY,shared,10,1656,0.6594220399856567,0.6291553397250561,0.6881242798491098
EGY,shared,11,1656,0.6693921685218811,0.6383786938739022,0.698201915675378
EGY,shared,12,1656,0.6659219264984131,0.6349130216878449,0.6947633720572183
EGY,shared,13,1656,0.6694526076316833,0.6380769449663941,0.6986935391110742
EGY,shared,14,1656,0.6699565052986145,0.6392776351707473,0.6995203830627599
EGY,shared,15,1656,0.6682488918304443,0.6371403478367781,0.6989840680483823
EGY,shared,16,1656,0.6575635671615601,0.6275100784126579,0.6866742719434022
EGY,shared,17,1656,0.6620181202888489,0.6342870444421924,0.6900034667351244
EGY,shared,18,1656,0.6720811128616333,0.642518315177655,0.700268960460521
EGY,shared,19,1656,0.6877672076225281,0.6575762699370332,0.7168344603520325
EGY,shared,20,1656,0.6832424402236938,0.6529763075975354,0.7135621079559094
EGY,shared,21,1656,0.6810352802276611,0.6509405111571488,0.7106749131406565
EGY,shared,22,1656,0.7024009227752686,0.6708673635758521,0.733028127108374
EGY,shared,23,1656,0.6918860673904419,0.6614683569670037,0.7229598396068493
EGY,shared,24,1656,0.6920515298843384,0.6607102991790172,0.7235357231747521
EGY,shared,25,1656,0.6955299377441406,0.6637687318756936,0.7271580002499469
EGY,shared,26,1656,0.6941662430763245,0.6616615725521982,0.7258321114402985
EGY,shared,27,1656,0.6954984664916992,0.6638205847526243,0.7263226386685879
EGY,shared,28,1656,0.6895116567611694,0.6571180014705585,0.7212802916752057
EGY,shared,29,1656,0.6850027441978455,0.6524649372307842,0.7172001419728227
EGY,shared,30,1656,0.6933295726776123,0.6610819799334278,0.7243477208889767
EGY,shared,31,1656,0.6897717118263245,0.6568781372535428,0.7210135311457462
EGY,shared,32,1656,0.68858802318573,0.6560054741904048,0.7198436765238777
