embedded,layer,metric,mean,ci_lo,ci_hi,n
EGY,0,natural_pull,0.0,0.0,0.0,280
EGY,0,unintegrated_pull,0.0,0.0,0.0,280
EGY,1,natural_pull,-0.0008361564957470234,-0.014396951199762824,0.0131750690249776,280
EGY,1,unintegrated_pull,0.028000748001172075,0.01528371958353091,0.041798387786756,280
EGY,2,natural_pull,0.05995828351629565,0.031162343365129862,0.08641889294534588,280
EGY,2,unintegrated_pull,0.14256050263294517,0.11155158002790164,0.17108539125746441,280
EGY,3,natural_pull,0.03638757626093658,0.006619620349540907,0.06341218143867862,280
EGY,3,unintegrated_pull,0.1127380217225956,0.08151513588548238,0.14137925105202676,280
EGY,4,natural_pull,0.03752627537718841,-0.006677315638267568,0.08081768497824668,280
EGY,4,unintegrated_pull,0.2914614468812943,0.25103002611281616,0.3311246609687805,280
EGY,5,natural_pull,0.23825069249807193,0.17804065949599523,0.29759797639504537,280
EGY,5,unintegrated_pull,0.6081859076129539,0.5568072488425033,0.6607424332361135,280
EGY,6,natural_pull,0.17912010768694536,0.11876667267909008,0.23533788529756874,280
EGY,6,unintegrated_pull,0.5395999504253268,0.48168412908312996,0.5954363371644701,280
EGY,7,natural_pull,0.1525209193783147,0.10138279203591602,0.20298463278849208,280
EGY,7,unintegrated_pull,0.49215301440230436,0.4430802291498652,0.5399837047513574,280
EGY,8,natural_pull,0.06226257532835007,0.00887083513396127,0.11392055144533514,280
EGY,8,unintegrated_pull,0.31718714237213136,0.2601310468837619,0.37437820917793685,280
EGY,9,natural_pull,0.05705414456980569,0.0006332147653613771,0.11473452422767876,280
EGY,9,unintegrated_pull,0.38571419055972783,0.32795488403311795,0.44241880767313496,280
EGY,10,natural_pull,0.0457539833017758,-0.009039595768387828,0.10098181548927511,280
EGY,10,unintegrated_pull,0.3826252939445632,0.32235071128234266,0.4385440147960824,280
EGY,11,natural_pull,0.07132690133793014,0.01749946687902723,0.12030073889132052,280
EGY,11,unintegrated_pull,0.3956421224666493,0.3378055504416781,0.45264185419838343,280
EGY,12,natural_pull,0.06952682456799916,0.015993362039859807,0.11909941688446059,280
EGY,12,unintegrated_pull,0.4009384595389877,0.3426892844600869,0.4581513706275395,280
EGY,13,natural_pull,0.0810497089688267,0.0262744400610349,0.13096671290828713,280
EGY,13,unintegrated_pull,0.3988991287137781,0.3411006838003439,0.4566371186662997,280
EGY,14,natural_pull,0.1074464548645275,0.05145890362294657,0.15819028775606836,280
EGY,14,unintegrated_pull,0.36008513942360876,0.30201779053413447,0.418406979023878,280
EGY,15,natural_pull,0.051053418538400105,-0.014714039340615272,0.11074419674862708,280
EGY,15,unintegrated_pull,0.27492631556732317,0.20509342089029295,0.3406597452823605,280
EGY,16,natural_pull,0.016453693620860577,-0.03955435942991503,0.06983319995858306,280
EGY,16,unintegrated_pull,0.27102912526045525,0.20819777467820264,0.33226477400931925,280
EGY,17,natural_pull,-0.006421629765204021,-0.06279896258775677,0.04912487166800669,280
EGY,17,unintegrated_pull,0.24685915083225285,0.1831459766167349,0.30991117886001507,280
EGY,18,natural_pull,0.1286317642778158,0.07678423568872468,0.18233128034243626,280
EGY,18,unintegrated_pull,0.3050347713853366,0.2452965047210455,0.3636154579391171,280
EGY,19,natural_pull,0.10606423430144787,0.05691046091328775,0.15730839021903056,280
EGY,19,unintegrated_pull,0.3260514110326767,0.26818458637804726,0.38172016779243545,280
EGY,20,natural_pull,0.17072567487401621,0.12383635775319168,0.22126383706262068,280
EGY,20,unintegrated_pull,0.3403505673332672,0.2835650223804571,0.39500176295172423,280
EGY,21,natural_pull,0.16014113639082228,0.11428859492763876,0.21025433521717785,280
EGY,21,unintegrated_pull,0.32228859115857633,0.2668513127972671,0.37628620680363384,280
EGY,22,natural_pull,0.2554475332477263,0.19948088889808527,0.31449788938675605,280
EGY,22,unintegrated_pull,0.2923956865045641,0.23595212632058454,0.3473505271562109,280
EGY,23,natural_pull,0.24672999115926877,0.19820849602642868,0.2972389665046441,280
EGY,23,unintegrated_pull,0.31504509459648816,0.25962142975867863,0.3659341212934149,280
EGY,24,natural_pull,0.22596073869083608,0.17943483868347745,0.2723762287465589,280
EGY,24,unintegrated_pull,0.3773117979190179,0.327696399305548,0.4256877656999443,280
EGY,25,natural_pull,0.20661941841244696,0.1638393819678043,0.2501838470569679,280
EGY,25,unintegrated_pull,0.34121137213494096,0.29390548009957584,0.3867858240088181,280
EGY,26,natural_pull,0.2046972565885101,0.1613021708931774,0.24696061401095773,280
EGY,26,unintegrated_pull,0.33609592568661484,0.2870536396213408,0.3813142738371555,280
EGY,27,natural_pull,0.15140001348086765,0.11102872399613262,0.1891174731855946,280
EGY,27,unintegrated_pull,0.37438656991081576,0.32911324974149464,0.41837899842033427,280
EGY,28,natural_pull,0.15453824225280965,0.11691894875972399,0.18911062383225985,280
EGY,28,unintegrated_pull,0.34004924834838934,0.29699813051681434,0.3827361987850495,280
EGY,29,natural_pull,0.1951196582189628,0.15763574633215155,0.23159622571564145,280
EGY,29,unintegrated_pull,0.3211987830166306,0.2784539601020515,0.3649268408718385,280
EGY,30,natural_pull,0.11773457712094698,0.07897048657394147,0.1525144602534627,280
EGY,30,unintegrated_pull,0.4320040860346385,0.3900316830657955,0.47182485682490677,280
EGY,31,natural_pull,0.1041357010602951,0.060887184478342536,0.14420926117205193,280
EGY,31,unintegrated_pull,0.45599258983773844,0.41108198765665294,0.4983906762647841,280
EGY,32,natural_pull,0.08427890133378761,0.03940854733876352,0.1274279628906931,280
EGY,32,unintegrated_pull,0.48718493348320147,0.4397340469023246,0.53334702802822,280
EGY,33,natural_pull,0.1064195374825171,0.0624373400424208,0.1493429892097733,280
EGY,33,unintegrated_pull,0.4820257259000625,0.43480292627987055,0.5278696029476954,280
EGY,34,natural_pull,0.06637181384222848,0.016628632099101585,0.11478271262454132,280
EGY,34,unintegrated_pull,0.5254474785979255,0.47522690352584634,0.5761859822377249,280
EGY,35,natural_pull,0.06227430059973683,0.013357329123121287,0.1104411918849551,280
EGY,35,unintegrated_pull,0.5268093949316868,0.47803839453462776,0.5756303999004221,280
EGY,36,natural_pull,0.0714825396426022,0.018704250952494995,0.12341933733584093,280
EGY,36,unintegrated_pull,0.5456898838131955,0.49527554191116774,0.5956972659864862,280
EGY,37,natural_pull,0.06295065517271203,0.011412356334871481,0.11436760953511109,280
EGY,37,unintegrated_pull,0.5454477076817836,0.49476986487894986,0.5952497804921585,280
EGY,38,natural_pull,0.08222323154498423,0.03044588868373207,0.132954502835138,280
EGY,38,unintegrated_pull,0.5628413655396018,0.5135155133893048,0.6116969049652107,280
EGY,39,natural_pull,0.08435527397585767,0.03167876682776426,0.13615448403438288,280
EGY,39,unintegrated_pull,0.5809681744647346,0.5296229810803197,0.6303448145011705,280
EGY,40,natural_pull,0.10824955615348049,0.05551973387066807,0.15882370832010298,280
EGY,40,unintegrated_pull,0.5926481375138142,0.541195118000864,0.6419067714216986,280
EGY,41,natural_pull,0.13818005265534988,0.08974739105706768,0.18641642981192227,280
EGY,41,unintegrated_pull,0.5686730848026595,0.5187972706516406,0.6184619002205519,280
EGY,42,natural_pull,0.24382838207696164,0.2064297888587628,0.28367598665878174,280
EGY,42,unintegrated_pull,0.16989970805921725,0.1287728884496859,0.21340532366119852,280
MSA,0,natural_pull,0.0,0.0,0.0,304
MSA,0,unintegrated_pull,0.0,0.0,0.0,304
MSA,1,natural_pull,0.023924053053059124,0.01122071608760483,0.03620887597874235,304
MSA,1,unintegrated_pull,0.048679434522407396,0.036521402150088096,0.06138708073518309,304
MSA,2,natural_pull,0.050937967343519346,0.02766022982700394,0.07427737448830918,304
MSA,2,unintegrated_pull,0.14119855929043537,0.11667412073852336,0.16618955334936464,304
MSA,3,natural_pull,-0.002185966093077839,-0.02817877475954447,0.023316258286065827,304
MSA,3,unintegrated_pull,0.10700439260510489,0.08395661403138595,0.13129550800833956,304
MSA,4,natural_pull,0.046068872016851524,0.017658786966220714,0.07522367960315789,304
MSA,4,unintegrated_pull,0.19917187439645395,0.171412388559149,0.2282969109343723,304
MSA,5,natural_pull,0.15656730396011354,0.12101159677737375,0.19234798152342827,304
MSA,5,unintegrated_pull,0.43338117303373064,0.39292559552080714,0.47475329548433126,304
MSA,6,natural_pull,-0.004492166245702384,-0.03437936181451637,0.0257853622115458,304
MSA,6,unintegrated_pull,0.22118827136555888,0.1894345721631812,0.25473355005591847,304
MSA,7,natural_pull,-0.011363882821426256,-0.046173929964738576,0.024936276907809703,304
MSA,7,unintegrated_pull,0.2834575315370641,0.24723042301679685,0.3207155627303061,304
MSA,8,natural_pull,-0.12208616005725496,-0.1581915439133713,-0.08383092495010049,304
MSA,8,unintegrated_pull,0.19793910974725518,0.15780747007043638,0.23859274762854557,304
MSA,9,natural_pull,-0.11318898897585122,-0.1503673340260931,-0.0754931024433326,304
MSA,9,unintegrated_pull,0.21719083627134464,0.17924719292369493,0.2575132946629693,304
MSA,10,natural_pull,-0.10586220767493758,-0.1426474312137208,-0.06916111595576363,304
MSA,10,unintegrated_pull,0.22110426895271398,0.1819472945639159,0.2591882720366381,304
MSA,11,natural_pull,-0.10391928149175855,-0.1442694028308037,-0.06280961714863607,304
MSA,11,unintegrated_pull,0.24407611583783842,0.20373346277233634,0.28201080538324996,304
MSA,12,natural_pull,-0.08042372985954371,-0.12328136959199344,-0.03990914077570021,304
MSA,12,unintegrated_pull,0.2734706852022914,0.23323349297371399,0.31071672446583093,304
MSA,13,natural_pull,-0.08832687531838401,-0.13050626457561043,-0.04618414343593415,304
MSA,13,unintegrated_pull,0.2820188665906531,0.2415185130102097,0.3216162187685672,304
MSA,14,natural_pull,-0.17501252987427793,-0.221864911545019,-0.12858523880128675,304
MSA,14,unintegrated_pull,0.2417762116908163,0.19713832441529552,0.28393521431105334,304
MSA,15,natural_pull,-0.22069406821729468,-0.2744769259694486,-0.16910956966561286,304
MSA,15,unintegrated_pull,0.20255708004544049,0.15352890665511182,0.25040058826791783,304
MSA,16,natural_pull,-0.17477307393748656,-0.22342437322199418,-0.12800868031383864,304
MSA,16,unintegrated_pull,0.22427606158108623,0.18211625463476305,0.2649807025566827,304
MSA,17,natural_pull,-0.17530520391619575,-0.22996081978670274,-0.12392745311785575,304
MSA,17,unintegrated_pull,0.24319834511353342,0.1963927742775061,0.2890788254475123,304
MSA,18,natural_pull,-0.15059324970398416,-0.20809196900736424,-0.09658466718359908,304
MSA,18,unintegrated_pull,0.3429478181753534,0.2939009055845082,0.3897380168459246,304
MSA,19,natural_pull,-0.108281366758523,-0.16527473067464216,-0.05747165951338267,304
MSA,19,unintegrated_pull,0.3375508401663147,0.29063022478396877,0.3843717982333864,304
MSA,20,natural_pull,-0.16449242858499546,-0.2263466304659424,-0.10791935409502725,304
MSA,20,unintegrated_pull,0.3322422117374739,0.28270428824609173,0.3820881311112316,304
MSA,21,natural_pull,-0.1516546267437087,-0.2132885325662899,-0.09546769407082283,304
MSA,21,unintegrated_pull,0.3267450051054383,0.2752571317746372,0.37806967842154426,304
MSA,22,natural_pull,-0.28916043578800255,-0.36203888833904213,-0.22099318571429313,304
MSA,22,unintegrated_pull,0.3208299142501538,0.25894818483854914,0.38131705015544676,304
MSA,23,natural_pull,-0.23542098594120225,-0.3010627353391388,-0.1740609890212861,304
MSA,23,unintegrated_pull,0.34222431757485827,0.2876728135574587,0.3973849902193155,304
MSA,24,natural_pull,-0.15025379379145115,-0.20860948155022924,-0.0946252221538759,304
MSA,24,unintegrated_pull,0.3985247039726298,0.3472257354219389,0.4497389120726055,304
MSA,25,natural_pull,-0.14426889202954235,-0.20360367155293427,-0.08887626870989489,304
MSA,25,unintegrated_pull,0.4009573197139329,0.3503993679150115,0.4517029761158674,304
MSA,26,natural_pull,-0.13450295596090941,-0.1916715277543852,-0.07996877150747567,304
MSA,26,unintegrated_pull,0.41402384526928043,0.3646998354614736,0.46574645661926056,304
MSA,27,natural_pull,-0.03682585282704646,-0.08832343332523077,0.011442342342151688,304
MSA,27,unintegrated_pull,0.4215126055289722,0.3753834087110207,0.46591391733642296,304
MSA,28,natural_pull,-0.04420559315564644,-0.09783526489166577,0.006262685883948984,304
MSA,28,unintegrated_pull,0.4348054057905086,0.3866448024677275,0.48226154037756713,304
MSA,29,natural_pull,-0.0805549188719995,-0.13584649141802832,-0.02496837491374834,304
MSA,29,unintegrated_pull,0.43368046602853083,0.3815865362213165,0.4858762481249102,304
MSA,30,natural_pull,0.10125213291384601,0.0538941892212494,0.14604936029384494,304
MSA,30,unintegrated_pull,0.48276956984926456,0.4412584212829978,0.5234608571089904,304
MSA,31,natural_pull,0.14186488878706432,0.09648554234163864,0.18342103460690848,304
MSA,31,unintegrated_pull,0.5044718281190542,0.4631685063718626,0.5445327092654368,304
MSA,32,natural_pull,0.16715192503301965,0.12570156263881424,0.20850013093674388,304
MSA,32,unintegrated_pull,0.5105082744305133,0.46959682553809357,0.5488319390852426,304
MSA,33,natural_pull,0.13429302023838605,0.09208205120545532,0.17693845977946213,304
MSA,33,unintegrated_pull,0.5090700291176816,0.46838107211051944,0.5479387245349674,304
MSA,34,natural_pull,0.19896205243211576,0.1564279223954492,0.24197134537742768,304
MSA,34,unintegrated_pull,0.527750774700651,0.48773995402571974,0.5673939293423149,304
MSA,35,natural_pull,0.22280894547293428,0.17954830767561072,0.2665036709260819,304
MSA,35,unintegrated_pull,0.5439245917981392,0.5036286089309071,0.5831820988953759,304
MSA,36,natural_pull,0.20629568068780876,0.1638028526849858,0.24952921541306222,304
MSA,36,unintegrated_pull,0.5370919131899811,0.49507494126875445,0.5764224429251044,304
MSA,37,natural_pull,0.22203226547476093,0.17897279247593026,0.2654332764826233,304
MSA,37,unintegrated_pull,0.5395377029277657,0.497408633832028,0.5792873911745693,304
MSA,38,natural_pull,0.24605383861202618,0.20276030146576313,0.2890637524486728,304
MSA,38,unintegrated_pull,0.5591176612575318,0.5172408419284501,0.5988745850257767,304
MSA,39,natural_pull,0.2583958128640772,0.2142157045198976,0.301486912189915,304
MSA,39,unintegrated_pull,0.567724039360751,0.5255230619242388,0.6079895946848529,304
MSA,40,natural_pull,0.2717946770815759,0.22826174522285483,0.31478658958042693,304
MSA,40,unintegrated_pull,0.5826876089561569,0.5403028611778986,0.6226707075688566,304
MSA,41,natural_pull,0.2579667418936687,0.21247963116104648,0.3040649999325021,304
MSA,41,unintegrated_pull,0.5998426747761474,0.5552750215654477,0.6407987459477275,304
MSA,42,natural_pull,-0.01982052609137578,-0.07734440507286452,0.03714675792172397,304
MSA,42,unintegrated_pull,0.5662716489574737,0.5110983643786312,0.6194385470983673,304
