layer,msa_own_mean,msa_own_sd,egy_own_mean,egy_own_sd,heldout_acc
0,1.9316402673721313,3.9953672885894775,2.0042638778686523,4.5906758308410645,0.6957969205160216
1,4.477803707122803,5.232128143310547,6.155628204345703,8.178491592407227,0.8277153558052435
2,5.048569202423096,5.1180219650268555,6.527824401855469,7.343487739562988,0.8522679983354141
3,5.0673298835754395,4.480715751647949,7.781035900115967,7.814737796783447,0.8784852267998335
4,4.53047513961792,4.003097057342529,6.639477729797363,6.581943511962891,0.8739076154806492
5,4.79044246673584,4.123124599456787,8.070791244506836,7.428500652313232,0.8809821057012068
6,5.200255393981934,4.320988178253174,7.686297416687012,6.591242790222168,0.8838951310861424
7,5.871200084686279,4.387602806091309,10.25590705871582,8.661468505859375,0.8972118185601332
8,5.987912654876709,4.24370813369751,8.72285270690918,6.483180999755859,0.9034540158135663
9,6.341791152954102,4.256101131439209,9.291913986206055,6.631180763244629,0.9205160216396171
10,6.528937339782715,4.298739433288574,8.835518836975098,6.1641035079956055,0.9230129005409904
11,6.483360290527344,4.447028636932373,8.730918884277344,6.198289394378662,0.9151061173533084
12,6.3294854164123535,4.4726433753967285,8.595514297485352,6.2295966148376465,0.9134415314190595
13,6.345560073852539,4.4443888664245605,8.38292407989502,6.098347187042236,0.9155222638368706
14,6.421451568603516,4.575156211853027,8.16448974609375,6.044921398162842,0.9092800665834374
15,6.101321220397949,4.658689975738525,8.267374992370605,6.06762170791626,0.9055347482313775
16,6.112884044647217,4.629330158233643,7.999939918518066,6.043532848358154,0.9009571369121931
17,6.143710136413574,4.6865620613098145,7.963566303253174,6.076911926269531,0.9009571369121931
18,6.258416652679443,4.582801818847656,8.269762992858887,6.176008224487305,0.9071993341656263
19,6.433863162994385,4.660155296325684,8.512911796569824,6.0195136070251465,0.914273824386184
20,6.760306358337402,4.53410530090332,8.358245849609375,5.647422790527344,0.922180607573866
21,6.7155914306640625,4.499821186065674,8.810733795166016,6.234442710876465,0.9230129005409904
22,6.998136043548584,4.598986625671387,9.230151176452637,6.2707929611206055,0.9238451935081149
23,7.00287389755249,4.44548225402832,9.108373641967773,5.989937782287598,0.9275905118601748
24,7.0416789054870605,4.488619804382324,9.273473739624023,6.173360347747803,0.9305035372451103
25,7.211595058441162,4.357039928436279,10.470355033874512,6.9579010009765625,0.9375780274656679
26,7.619156837463379,4.498081207275391,10.995063781738281,6.864040851593018,0.9425717852684145
27,7.367677211761475,4.455300807952881,10.913878440856934,6.777063369750977,0.9330004161464835
28,7.674696922302246,4.681417465209961,10.643589973449707,6.5875139236450195,0.9388264669163545
29,7.990538120269775,4.842655658721924,11.767245292663574,7.369288921356201,0.943404078235539
30,7.9496588706970215,4.843381404876709,12.209014892578125,7.586465358734131,0.9400749063670412
31,7.988151550292969,4.917625427246094,11.861082077026367,7.2618255615234375,0.9388264669163545
32,7.877048015594482,4.868581771850586,10.426440238952637,5.9687981605529785,0.9483978360382854
