item,sid,word,own,is_MSA,nat_own,lex_own,host_last,host_mean,log_freq,n_chars,n_subtok,is_function,egy_morph,n_left_matrix,n_left_own,K,in_mono_purity,in_all_purity,flip,pull
0,train-53,اتمنى,MSA,1,-4.2420883,2.436685562133789,2.8744917,-4.1208415031433105,3.5263605246161616,5,2,0,0,2,2,8,1,1,1,6.678773880004883
1,train-53,العيد,MSA,1,-6.3207865,-2.4171366691589355,2.23039,-1.0491889715194702,2.9444389791664403,5,2,0,0,2,4,12,1,0,1,3.9036498069763184
2,train-54,الآن,MSA,1,-2.45082,10.125312805175781,7.8970566,10.486644744873047,5.455321115357702,4,1,0,0,17,0,34,1,1,1,12.576132774353027
3,train-54,يفعلون,MSA,1,11.607874,7.086705207824707,2.45082,10.486644744873047,1.9459101490553132,6,3,0,0,17,1,35,1,1,0,-4.5211687088012695
4,train-60,اتمنى,MSA,1,-15.005271,5.921555519104004,15.026519,16.507518768310547,3.5263605246161616,5,2,0,0,5,1,13,1,1,1,20.92682647705078
5,train-67,اتعهد,MSA,1,6.8113494,2.126540184020996,-5.37837,0.018487730994820595,2.0794415416798357,5,3,0,0,0,3,7,1,1,0,-4.68480920791626
6,train-78,هكذا,MSA,1,7.141843,3.497612476348877,6.8505373,-1.9370990991592407,2.302585092994046,4,2,0,0,14,2,34,1,1,0,-3.644230365753174
7,train-78,احد,MSA,1,3.3789115,7.718084812164307,-3.5407739,-2.3898472785949707,3.7612001156935624,3,2,0,0,14,6,40,1,1,0,4.339173316955566
8,train-84,صرح,MSA,1,-0.31304967,4.1490960121154785,8.817313,14.696226119995117,2.0794415416798357,3,2,0,0,4,2,17,1,1,1,4.462145686149597
9,train-107,لم,MSA,1,-4.50166,2.02042293548584,10.347856,10.234143257141113,6.111467339502679,2,1,1,0,0,2,6,1,1,1,6.522082805633545
10,train-109,الان,MSA,1,-2.8373303,4.820417881011963,11.7840605,5.139704704284668,4.976733742420574,4,1,0,0,3,0,10,1,1,1,7.657748222351074
11,train-112,ونحن,MSA,1,-1.6518198,9.149300575256348,8.055945,7.941660404205322,2.9444389791664403,4,2,1,0,18,0,44,1,1,1,10.801120400428772
12,train-132,الان,MSA,1,0.5180149,2.755315065383911,12.552517,10.455785751342773,4.976733742420574,4,1,0,0,18,0,39,1,1,0,2.237300157546997
13,train-228,هذا,MSA,1,5.7319803,3.848585367202759,-3.8375945,-5.494539260864258,5.8522024797744745,3,1,1,0,0,2,4,1,1,0,-1.8833949565887451
14,train-267,التي,MSA,1,3.846345,-0.6027967929840088,13.290153,5.919423580169678,5.8971538676367405,4,1,1,0,15,2,36,1,1,0,-4.44914174079895
15,train-313,لقد,MSA,1,14.824958,8.026992797851562,-7.141672,-6.151958465576172,4.110873864173311,3,1,1,0,8,0,24,1,1,0,-6.797965049743652
16,train-313,بلغ,MSA,1,14.724624,-2.8618052005767822,-14.824958,-6.151958465576172,1.9459101490553132,3,1,0,0,8,1,25,1,1,0,-17.58642888069153
17,train-313,المدى,MSA,1,16.693455,10.924121856689453,-16.437952,-7.876524925231934,2.1972245773362196,5,2,0,0,8,3,28,1,1,0,-5.7693328857421875
18,train-376,لكم,MSA,1,5.5195713,6.916469573974609,4.6127725,9.040912628173828,3.871201010907891,3,1,0,0,12,1,32,1,1,0,1.3968982696533203
19,train-377,جاء,MSA,1,0.7264422,0.6866096258163452,-0.66077185,10.425054550170898,2.772588722239781,3,1,0,0,10,0,19,1,1,0,-0.03983259201049805
20,train-737,لم,MSA,1,2.7897115,7.333266735076904,12.299793,10.288917541503906,6.111467339502679,2,1,1,0,5,4,27,1,1,0,4.54355525970459
21,train-737,يكن,MSA,1,0.0495224,2.3400161266326904,-2.7897115,10.288917541503906,3.784189633918261,3,1,0,0,5,5,28,1,1,0,2.2904937267303467
22,train-737,كذلك,MSA,1,8.578957,9.523853302001953,-0.0495224,8.981054306030273,2.3978952727983707,4,1,0,0,5,6,29,1,1,0,0.9448966979980469
23,train-927,علي,MSA,1,-5.4059677,1.2550582885742188,4.972882,9.534910202026367,6.0014148779611505,3,1,0,0,7,2,25,1,0,1,6.6610260009765625
24,train-927,أقباط,MSA,1,1.9123696,4.6311140060424805,3.159892,8.503067970275879,2.0794415416798357,5,3,0,0,7,5,30,1,1,0,2.718744397163391
25,train-950,منظومة,MSA,1,-8.880896,5.933297157287598,8.606322,10.457254409790039,2.3978952727983707,6,2,0,0,9,0,27,1,1,1,14.814192771911621
26,train-986,الذكرى,MSA,1,12.614434,1.8579845428466797,1.7733833,,1.9459101490553132,6,3,0,0,0,0,8,1,1,0,-10.756449699401855
27,train-1000,لم,MSA,1,-1.2583233,1.3170629739761353,1.6442512,-3.3967647552490234,6.111467339502679,2,1,1,0,0,1,5,1,1,1,2.5753862857818604
28,train-1036,طوال,MSA,1,-8.475076,11.347517967224121,12.602374,12.254566192626953,2.302585092994046,4,2,0,0,16,4,43,1,1,1,19.822593688964844
29,train-1036,فترة,MSA,1,0.50106657,8.179652214050293,8.475076,12.271956443786621,2.6390573296152584,4,1,0,0,16,5,45,1,1,0,7.678585648536682
30,train-1036,الانتخابات,MSA,1,-7.303691,6.947147369384766,-0.50106657,12.091153144836426,5.541263545158426,10,2,0,0,16,6,46,1,0,1,14.250838279724121
31,train-1089,الذى,MSA,1,1.2848254,1.223311185836792,2.9294806,,4.127134385045092,4,2,0,0,0,1,4,1,1,0,-0.06151425838470459
32,train-1089,أموال,MSA,1,2.749115,0.5341705679893494,-1.7439334,0.9390581250190735,2.0794415416798357,5,2,0,0,0,3,8,1,1,0,-2.2149444222450256
33,train-1089,الحرب,MSA,1,1.3498324,3.8260605335235596,-1.3283421,6.445388317108154,2.70805020110221,5,1,0,0,11,4,41,1,0,0,2.47622811794281
34,train-1089,الفقراء,MSA,1,-0.8984182,2.910869836807251,-2.2121823,5.4723286628723145,2.4849066497880004,7,2,0,0,11,6,43,1,0,1,3.8092880249023438
35,train-1089,صناعة,MSA,1,0.30287266,1.9386024475097656,1.6711601,4.793376445770264,2.70805020110221,5,2,0,0,11,7,48,1,1,0,1.6357297897338867
36,train-1192,بشأن,MSA,1,-8.298648,7.130423545837402,20.830215,9.740700721740723,3.9512437185814275,4,1,0,0,4,1,10,1,1,1,15.429071426391602
37,train-1194,بين,MSA,1,7.068486,4.280116081237793,-4.064088,-3.7367920875549316,5.68697535633982,3,1,1,0,0,2,6,1,0,0,-2.788370132446289
38,train-1194,الجرائم,MSA,1,4.822647,-1.88456130027771,-7.7403975,-5.29040002822876,2.833213344056216,7,3,0,0,0,7,14,1,1,0,-6.7072083950042725
39,train-1198,فقد,MSA,1,-3.5874596,-2.477989673614502,0.6316335,,3.713572066704308,3,1,1,0,0,0,6,1,1,1,1.1094698905944824
40,train-1198,عينه,MSA,1,-2.744041,-6.472690105438232,3.5772138,,1.9459101490553132,4,2,0,0,0,1,7,1,1,1,-3.728649139404297
41,train-1199,فقد,MSA,1,-3.5874596,0.01356661319732666,0.6316335,,3.713572066704308,3,1,1,0,0,0,6,1,1,1,3.601026177406311
42,train-1199,عينه,MSA,1,-2.744041,0.6571290493011475,3.5772138,,1.9459101490553132,4,2,0,0,0,1,7,1,1,1,3.401170015335083
43,train-1236,نحن,MSA,1,3.2684727,0.587302565574646,-4.4667606,-5.022988319396973,4.343805421853684,3,1,1,0,0,1,3,1,1,0,-2.681170105934143
44,train-1257,ولم,MSA,1,6.378236,6.886607646942139,9.074643,12.395264625549316,4.394449154672439,3,1,1,0,8,0,32,1,1,0,0.5083718299865723
45,train-1269,الآن,MSA,1,-12.063259,11.470117568969727,8.334182,11.098443031311035,5.455321115357702,4,1,0,0,10,3,36,1,1,1,23.533376693725586
46,train-1269,لم,MSA,1,4.3688045,7.380715847015381,12.063259,10.885807991027832,6.111467339502679,2,1,1,0,10,4,37,1,1,0,3.011911392211914
47,train-1280,طريق,MSA,1,-1.4068595,6.327212333679199,3.2279334,8.567900657653809,4.02535169073515,4,1,0,0,6,1,16,1,1,1,7.734071850776672
48,train-1280,العودة,MSA,1,-4.380488,8.313316345214844,1.4068595,7.80504846572876,2.70805020110221,6,2,0,0,6,2,17,1,1,1,12.693804264068604
49,train-1280,الان,MSA,1,2.9090776,5.500758171081543,4.380488,7.005274772644043,4.976733742420574,4,1,0,0,6,3,19,1,1,0,2.5916805267333984
50,train-1385,فيما,MSA,1,7.3083954,9.580296516418457,-2.905857,-0.28336969017982483,2.9444389791664403,4,1,0,0,4,0,12,1,1,0,2.2719011306762695
51,train-1388,موقفي,MSA,1,3.3432474,-0.5579628944396973,3.1472244,1.0605374574661255,2.9444389791664403,5,3,0,0,0,2,3,1,1,0,-3.901210308074951
52,train-1399,غدا,MSA,1,5.048171,9.114469528198242,2.3283443,6.424161434173584,4.290459441148391,3,2,0,0,12,1,37,1,1,0,4.066298484802246
53,train-1413,تنشر,MSA,1,-15.2588415,4.613409519195557,14.054527,2.3073348999023438,2.6390573296152584,4,2,0,0,2,2,7,1,0,1,19.87225103378296
54,train-1413,والتحقيق,MSA,1,-6.380933,1.5163114070892334,9.982905,8.295950889587402,2.0794415416798357,8,3,0,0,2,5,13,1,1,1,7.897244215011597
55,train-1432,يجب,MSA,1,2.3082247,9.074214935302734,8.067569,11.680724143981934,5.030437921392435,3,1,0,0,13,2,47,1,1,0,6.765990257263184
56,train-1439,وكذلك,MSA,1,-9.585055,5.46883487701416,14.05642,7.512303829193115,2.70805020110221,5,1,0,0,9,0,20,1,1,1,15.053890228271484
57,train-1439,لن,MSA,1,6.6853194,6.1038618087768555,9.585055,7.512303829193115,5.717027701406222,2,1,1,0,9,1,21,1,1,0,-0.5814576148986816
58,train-1546,مقال,MSA,1,-13.8095875,4.0632805824279785,-0.19391692,11.296622276306152,2.9444389791664403,4,2,0,0,4,2,32,1,0,1,17.872868061065674
59,train-1640,الذى,MSA,1,10.147706,6.5723724365234375,-2.843686,,4.127134385045092,4,2,0,0,0,1,4,1,1,0,-3.575333595275879
60,train-1701,يجرى,MSA,1,-0.63899446,5.7883734703063965,2.1421099,-3.848489761352539,2.0794415416798357,4,3,0,0,0,1,5,1,1,1,6.427367925643921
61,train-1702,أن,MSA,1,11.798907,5.2900309562683105,-8.414772,-1.548387885093689,7.063903961472068,2,1,1,0,0,2,3,1,1,0,-6.508876323699951
62,train-1778,بين,MSA,1,-1.0119709,6.450097560882568,11.6715555,14.551899909973145,5.68697535633982,3,1,1,0,0,3,13,1,0,1,7.462068438529968
63,train-1795,قليل,MSA,1,11.220246,-1.4149587154388428,-3.243878,2.1959657669067383,4.143134726391533,4,2,0,0,8,1,22,1,1,0,-12.635205030441284
64,train-1813,الباطل,MSA,1,4.139864,6.3368611335754395,-3.7731133,0.5890307426452637,3.295836866004329,6,3,0,0,0,5,28,1,1,0,2.1969971656799316
65,train-1889,بين,MSA,1,-2.259736,0.8915543556213379,3.932201,0.6417468786239624,5.68697535633982,3,1,1,0,0,2,3,1,0,1,3.1512904167175293
66,train-1948,الآن,MSA,1,2.3552828,4.05201530456543,0.62882054,,5.455321115357702,4,1,0,0,0,1,3,1,1,0,1.696732521057129
67,train-1975,الان,MSA,1,0.29117692,8.863194465637207,-8.120928,5.7860822677612305,4.976733742420574,4,1,0,0,7,1,27,1,1,0,8.572017550468445
68,train-1984,وشباب,MSA,1,4.338364,3.5007710456848145,2.5305867,2.0651116371154785,2.5649493574615367,5,2,0,0,0,1,13,1,0,0,-0.8375930786132812
69,train-2018,إلى,MSA,1,-2.7094312,14.270769119262695,2.202057,4.553855895996094,6.111467339502679,3,1,1,0,2,3,14,1,1,1,16.98020029067993
70,train-2021,القادم,MSA,1,2.7174377,3.6794605255126953,3.0570698,5.065077304840088,3.784189633918261,6,2,0,0,7,0,24,1,1,0,0.9620227813720703
71,train-2036,دوما,MSA,1,-6.887226,4.759106636047363,8.748838,8.742992401123047,2.302585092994046,4,2,0,0,2,0,11,1,1,1,11.646332740783691
72,train-2048,بهم,MSA,1,-8.175827,6.717496871948242,6.6685634,9.795034408569336,3.258096538021482,3,1,1,0,9,1,27,1,1,1,14.89332389831543
73,train-2048,باطل,MSA,1,-3.834835,8.167497634887695,3.5498962,9.04239273071289,4.204692619390966,4,2,0,1,9,4,31,1,0,1,12.00233268737793
74,train-2072,منذ,MSA,1,-0.2207197,4.336676120758057,12.614294,7.732627868652344,4.51085950651685,3,1,1,0,7,0,20,1,1,1,4.557395815849304
75,train-2085,حيث,MSA,1,-0.22082031,10.770938873291016,10.659623,14.106123924255371,3.4657359027997265,3,1,0,0,5,0,22,1,1,1,10.991759181022644
76,train-2086,الفرص,MSA,1,-2.694714,7.7886152267456055,-0.70369136,11.304415702819824,2.995732273553991,5,2,0,0,21,0,43,1,1,1,10.48332929611206
77,train-2100,رجل,MSA,1,-4.9918547,4.8459882736206055,10.563366,11.7398099899292,3.6109179126442243,3,1,0,0,4,0,23,1,1,1,9.83784294128418
78,train-2110,البشرية,MSA,1,-8.792998,8.920021057128906,5.46264,12.258993148803711,2.302585092994046,7,2,0,0,11,1,27,1,0,1,17.713019371032715
79,train-2110,عدة,MSA,1,-4.573548,0.4429013729095459,12.455853,12.12557601928711,2.833213344056216,3,1,0,0,16,3,40,1,1,1,5.016449213027954
80,train-2120,الاكثر,MSA,1,-8.035498,4.993562698364258,14.581146,11.428844451904297,1.9459101490553132,6,3,0,0,12,0,34,1,1,1,13.029060363769531
81,train-2207,السياسى,MSA,1,-7.99652,5.62031888961792,9.449243,11.697861671447754,2.1972245773362196,7,2,0,0,2,2,14,1,1,1,13.616838932037354
82,train-2207,السياسى,MSA,1,-9.088351,6.963127136230469,10.961999,10.093796730041504,2.1972245773362196,7,2,0,0,5,8,33,1,1,1,16.051478385925293
83,train-2209,لابد,MSA,1,6.8619175,3.1768999099731445,1.7342097,,4.7535901911063645,4,2,0,0,0,1,3,1,1,0,-3.6850175857543945
84,train-2209,وقع,MSA,1,-2.1760445,2.746349334716797,5.8320146,2.5182855129241943,2.3978952727983707,3,1,0,0,5,3,17,1,1,1,4.922393798828125
85,train-2216,اليوم,MSA,1,2.283722,8.508354187011719,5.5232253,2.158499240875244,5.8944028342648505,5,1,0,0,0,2,4,1,1,0,6.224632263183594
86,train-2216,معكم,MSA,1,0.14058006,5.18924617767334,1.0773841,2.9869751930236816,2.302585092994046,4,2,0,0,0,8,15,1,1,0,5.0486661195755005
87,train-2219,ذلك,MSA,1,-4.442111,7.7171478271484375,8.413442,4.682740688323975,5.153291594497779,3,1,1,0,3,0,11,1,1,1,12.159258842468262
88,train-2222,كارثة,MSA,1,-5.098402,6.408080577850342,8.074217,7.6706976890563965,2.1972245773362196,5,2,0,0,18,2,47,1,1,1,11.506482601165771
89,train-2225,ضرورة,MSA,1,-2.9561362,11.752852439880371,0.85129285,7.321383476257324,3.6888794541139363,5,2,0,0,0,2,13,1,1,1,14.708988666534424
90,train-4558,العبث,MSA,1,-0.9561249,1.7459152936935425,4.588705,4.85506010055542,2.1972245773362196,5,3,0,0,6,2,26,1,1,1,2.702040195465088
91,train-4590,المصريين,MSA,1,-6.478725,10.422719955444336,3.6735897,12.22373104095459,5.66988092298052,8,2,0,0,17,7,45,1,1,1,16.901444911956787
92,train-4606,استفتاء,MSA,1,5.640283,6.190754413604736,6.7713013,9.492438316345215,2.995732273553991,7,3,0,0,13,0,33,1,0,0,0.550471305847168
93,train-4610,أن,MSA,1,3.6104531,0.9883249998092651,-1.7076085,-5.866539001464844,7.063903961472068,2,1,1,0,0,3,7,1,1,0,-2.622128129005432
94,train-4612,الآن,MSA,1,4.59574,5.585730075836182,0.6588837,-5.651736736297607,5.455321115357702,4,1,0,0,0,5,13,1,1,0,0.989990234375
95,train-4633,أن,MSA,1,7.0619483,3.7708332538604736,1.912305,0.22107088565826416,7.063903961472068,2,1,1,0,4,1,10,1,1,0,-3.2911150455474854
96,train-4633,يحفظ,MSA,1,5.002538,2.6407434940338135,-1.6471459,-1.5695526599884033,2.302585092994046,4,2,0,0,4,5,17,1,0,0,-2.3617947101593018
97,train-4661,الذين,MSA,1,-7.568924,7.23875617980957,21.196854,16.089462280273438,5.375278407684165,5,1,1,0,2,0,4,1,1,1,14.807680130004883
98,train-4703,دون,MSA,1,1.1166234,9.01132583618164,4.6207113,12.032831192016602,4.5217885770490405,3,1,1,0,5,4,17,1,1,0,7.894702434539795
99,train-4745,تجمع,MSA,1,-4.824109,4.4563984870910645,8.438146,8.040215492248535,2.1972245773362196,4,1,0,0,19,1,37,1,1,1,9.280507564544678
100,train-4747,الفقراء,MSA,1,-7.7773094,8.579048156738281,7.634596,9.16657829284668,2.4849066497880004,7,2,0,0,17,0,43,1,0,1,16.35635757446289
101,train-4749,هذا,MSA,1,7.0725346,3.084851026535034,-4.0757933,-3.1315231323242188,5.8522024797744745,3,1,1,0,2,0,3,1,1,0,-3.9876835346221924
102,train-4764,الأصوات,MSA,1,0.7621754,-1.9471473693847656,-7.1969533,-3.787797451019287,2.5649493574615367,7,2,0,0,0,2,5,1,1,0,-2.70932275056839
103,train-4808,يرحل,MSA,1,-10.912652,4.608556270599365,13.087269,11.119908332824707,1.791759469228055,4,3,0,0,18,4,48,1,1,1,15.5212082862854
104,train-4816,تحمل,MSA,1,2.9027123,10.655557632446289,-7.469568,-0.5448774099349976,2.772588722239781,4,1,0,0,3,5,26,1,0,0,7.752845287322998
105,train-4817,أكثر,MSA,1,4.3392887,6.681802749633789,-3.0754838,-5.154376029968262,4.3694478524670215,4,1,0,0,0,3,9,1,1,0,2.3425140380859375
106,train-4817,ذلك,MSA,1,4.5571113,7.671693801879883,-9.241238,-4.430881023406982,5.153291594497779,3,1,1,0,0,5,11,1,1,0,3.1145825386047363
107,train-4852,حلول,MSA,1,-9.6357975,1.5444631576538086,0.49404776,6.979618549346924,2.3978952727983707,4,2,0,0,15,8,45,1,0,1,11.18026065826416
108,train-4866,عندما,MSA,1,1.3766646,4.491982460021973,6.427098,-0.7777268886566162,4.663439094112067,5,1,1,0,0,2,10,1,1,0,3.1153178215026855
109,train-4866,ضحية,MSA,1,-2.6075869,-2.0557022094726562,4.2269735,-0.5000143051147461,1.9459101490553132,4,2,0,0,0,5,14,1,0,1,0.551884651184082
110,train-4888,التي,MSA,1,-1.7090572,-1.0128142833709717,5.3157635,,5.8971538676367405,4,1,1,0,0,1,3,1,1,1,0.6962429285049438
111,train-4888,أمام,MSA,1,12.028314,3.287421941757202,-4.70395,3.515906572341919,4.543294782270004,4,1,0,0,0,3,6,1,1,0,-8.740891695022583
112,train-4929,الذي,MSA,1,7.0931616,4.416346549987793,-1.2207975,1.5987462997436523,5.811140992976701,4,1,1,0,0,5,8,1,1,0,-2.6768150329589844
113,train-4944,قليلا,MSA,1,-8.860229,3.20052170753479,2.2197752,12.516767501831055,1.791759469228055,5,2,0,0,14,4,37,1,1,1,12.060750246047974
114,train-4977,أنتم,MSA,1,-14.243977,3.841179609298706,10.437649,13.938382148742676,2.995732273553991,4,2,1,0,7,0,15,1,1,1,18.085156202316284
115,train-4977,أن,MSA,1,-6.7047935,9.710427284240723,13.737315,12.84434986114502,7.063903961472068,2,1,1,0,7,3,20,1,1,1,16.415220737457275
116,train-4977,بكم,MSA,1,-7.8027077,2.01399564743042,8.352187,12.367386817932129,2.4849066497880004,3,2,0,0,7,5,23,1,1,1,9.81670331954956
117,train-4978,أفضل,MSA,1,-7.58315,8.33002758026123,1.416063,3.3298697471618652,3.871201010907891,4,1,0,0,15,3,39,1,1,1,15.913177490234375
118,train-4991,ولم,MSA,1,-10.113091,8.783613204956055,16.775387,12.942289352416992,4.394449154672439,3,1,1,0,6,1,15,1,1,1,18.89670467376709
119,train-4991,يقل,MSA,1,-10.275757,4.142693996429443,10.113091,12.942289352416992,1.9459101490553132,3,2,0,0,6,2,16,1,1,1,14.418450832366943
120,train-4992,هذا,MSA,1,-5.6384296,10.034133911132812,-1.8241848,7.697076320648193,5.8522024797744745,3,1,1,0,10,2,36,1,1,1,15.672563552856445
121,train-4993,قضائية,MSA,1,-4.802902,6.508157253265381,5.9966173,14.50733757019043,2.0794415416798357,6,2,0,0,15,3,33,1,0,1,11.311059474945068
122,train-5002,ستعود,MSA,1,3.906096,3.6204190254211426,15.016709,13.379916191101074,1.791759469228055,5,2,0,0,16,2,39,1,1,0,-0.2856769561767578
123,train-5038,بإذن,MSA,1,3.73765,6.039435386657715,-8.1640625,5.488143444061279,4.30406509320417,4,2,0,0,15,2,41,1,1,0,2.301785469055176
124,train-5046,ونحن,MSA,1,4.9739733,9.18181037902832,-2.6318307,8.6489896774292,2.9444389791664403,4,2,1,0,10,2,33,1,1,0,4.207837104797363
125,train-5054,العام,MSA,1,11.233933,2.246436357498169,1.4927508,-6.417937278747559,5.170483995038151,5,1,0,0,0,3,5,1,1,0,-8.987497091293335
126,train-5058,الوصول,MSA,1,-3.3870745,7.882132530212402,1.0350395,6.122242450714111,2.70805020110221,6,1,0,0,3,4,18,1,1,1,11.269207000732422
127,train-5078,رجل,MSA,1,-1.3240763,0.44534534215927124,-0.41176867,12.575692176818848,3.6109179126442243,3,1,0,0,13,1,31,1,1,1,1.769421637058258
128,train-5083,ذلك,MSA,1,2.0150766,8.106131553649902,10.20748,9.063787460327148,5.153291594497779,3,1,1,0,8,1,28,1,1,0,6.091054916381836
129,train-5083,حكمة,MSA,1,0.25436527,-0.815183162689209,-2.0150766,9.190864562988281,2.3978952727983707,4,2,0,0,8,2,29,1,0,0,-1.0695484280586243
130,train-5086,أكثر,MSA,1,-12.156419,11.068560600280762,13.251793,11.49035930633545,4.3694478524670215,4,1,0,0,8,1,19,1,1,1,23.224979400634766
131,train-5095,الذي,MSA,1,-6.347352,6.893003940582275,13.17305,11.1290283203125,5.811140992976701,4,1,1,0,13,1,39,1,1,1,13.240355968475342
132,train-5095,الكذب,MSA,1,-0.45591557,2.2580833435058594,1.1042382,10.946517944335938,2.995732273553991,5,2,0,0,13,3,43,1,0,1,2.7139989137649536
133,train-5111,لم,MSA,1,1.2546954,5.999570846557617,7.2110205,10.328962326049805,6.111467339502679,2,1,1,0,13,1,30,1,1,0,4.744875431060791
134,train-5111,أكن,MSA,1,7.0245295,2.9537100791931152,-1.2546954,10.10625171661377,2.1972245773362196,3,2,0,0,13,2,31,1,1,0,-4.07081937789917
135,train-5130,ألا,MSA,1,8.27329,6.46901798248291,-1.3135284,-3.4389657974243164,3.4657359027997265,3,2,0,0,0,5,9,1,0,0,-1.8042716979980469
136,train-5137,الكذب,MSA,1,7.575879,2.7691779136657715,-7.1616106,-1.1303244829177856,2.995732273553991,5,2,0,0,0,5,14,1,0,0,-4.806701183319092
137,train-5137,كثيرا,MSA,1,3.5957975,2.3355135917663574,-7.575879,-2.3365817070007324,3.5263605246161616,5,2,0,0,0,6,16,1,1,0,-1.2602839469909668
138,train-5144,دون,MSA,1,-3.687521,5.671782493591309,11.160128,11.93122386932373,4.5217885770490405,3,1,1,0,11,4,29,1,1,1,9.35930347442627
139,train-5144,أن,MSA,1,1.1947331,8.793964385986328,3.687521,11.879817962646484,7.063903961472068,2,1,1,0,11,5,30,1,1,0,7.599231243133545
140,train-5144,أنه,MSA,1,0.8534659,1.4185439348220825,0.085870385,10.628826141357422,4.51085950651685,3,1,1,0,11,7,34,1,1,0,0.5650780200958252
141,train-5166,تاريخ,MSA,1,-6.0641937,12.136739730834961,7.767336,12.816055297851562,3.295836866004329,5,1,0,0,12,1,34,1,1,1,18.2009334564209
142,train-5166,مصر,MSA,1,-9.541362,1.175662875175476,6.0641937,12.427692413330078,7.078341579557671,3,1,0,0,12,2,35,1,1,1,10.717024683952332
143,train-5166,فيما,MSA,1,2.7331614,9.06313705444336,9.541362,11.973156929016113,2.9444389791664403,4,1,0,0,12,3,36,1,1,0,6.329975605010986
144,train-5166,الليبرالية,MSA,1,-0.13398588,3.888232469558716,-9.981624,9.8891019821167,2.772588722239781,10,3,0,0,12,6,41,1,0,1,4.022218346595764
145,train-5166,لكي,MSA,1,1.8651389,10.359414100646973,0.13398588,8.785172462463379,4.07753744390572,3,2,1,0,12,7,44,1,1,0,8.494275212287903
146,train-5206,يريد,MSA,1,3.6195402,8.224451065063477,1.1913124,-3.2785232067108154,3.828641396489095,4,1,0,0,0,4,9,1,1,0,4.604910850524902
147,train-5206,أن,MSA,1,6.977277,2.581019163131714,-3.6195402,-2.1610641479492188,7.063903961472068,2,1,1,0,0,5,10,1,1,0,-4.396257638931274
148,train-5206,أنك,MSA,1,-1.6005188,-4.711729049682617,-0.41281867,-3.20684552192688,1.791759469228055,3,2,0,0,0,7,14,1,1,1,-3.1112102270126343
149,train-5206,لم,MSA,1,5.444088,8.91507339477539,1.6005188,-2.807698965072632,6.111467339502679,2,1,1,0,0,8,16,1,1,0,3.4709854125976562
150,train-5206,شيئا,MSA,1,2.1103828,9.593734741210938,-2.4969263,-2.6108293533325195,2.6390573296152584,4,2,0,0,0,10,18,1,1,0,7.483351945877075
151,train-5212,تذكر,MSA,1,-0.29623544,7.5943708419799805,2.3687887,0.10280001163482666,1.9459101490553132,4,2,0,0,0,4,7,1,1,1,7.8906062841415405
152,train-5212,هذه,MSA,1,8.174312,8.741060256958008,0.29623544,0.6692972183227539,5.517452896464707,3,1,1,0,0,5,9,1,1,0,0.5667486190795898
153,train-5234,ستنتصر,MSA,1,1.1347123,0.9871756434440613,-4.065737,-0.6816442012786865,2.6390573296152584,6,3,0,0,0,3,5,1,1,0,-0.14753669500350952
154,train-5234,عظيما,MSA,1,1.7062241,0.21689599752426147,-10.534961,-0.79491126537323,1.9459101490553132,5,3,0,0,0,5,12,1,1,0,-1.4893280863761902
155,train-5234,اليوم,MSA,1,6.643056,11.382307052612305,-1.7062241,-2.7429211139678955,5.8944028342648505,5,1,0,0,0,6,15,1,1,0,4.739251136779785
156,train-5237,لأصحاب,MSA,1,0.33375847,10.529590606689453,12.975534,4.455728530883789,1.9459101490553132,6,2,0,0,8,2,34,1,1,0,10.195832133293152
157,train-5245,واحدا,MSA,1,-1.0027958,9.546525955200195,10.572261,2.873178243637085,2.8903717578961645,5,2,0,0,13,1,35,1,1,1,10.54932177066803
158,train-5258,أن,MSA,1,-11.9588,8.558384895324707,11.734884,8.513481140136719,7.063903961472068,2,1,1,0,12,1,47,1,1,1,20.51718521118164
159,train-5258,تعود,MSA,1,0.14060223,6.444095611572266,11.95962,8.763998031616211,3.091042453358316,4,2,0,0,12,2,48,1,1,0,6.30349338054657
160,train-5260,الدكتور,MSA,1,-1.5603429,5.88459587097168,3.335606,4.756375312805176,4.634728988229636,7,1,0,0,4,0,9,1,1,1,7.444938778877258
161,train-5358,عدة,MSA,1,-1.1181926,3.5379433631896973,-2.3265972,5.334390163421631,2.833213344056216,3,1,0,0,3,4,14,1,1,1,4.6561359167099
162,train-5382,للجميع,MSA,1,3.4763446,0.8540523648262024,-7.215761,-1.0567426681518555,3.912023005428146,6,2,0,0,0,3,5,1,1,0,-2.622292220592499
163,train-5382,للمشاركة,MSA,1,8.86991,5.3260498046875,-3.5403585,-3.1188087463378906,2.995732273553991,8,2,0,0,0,4,7,1,1,0,-3.54386043548584
164,train-5407,أكثر,MSA,1,-0.78909945,5.40998649597168,10.422078,10.90096378326416,4.3694478524670215,4,1,0,0,19,0,47,1,1,1,6.19908595085144
165,train-5457,رئيسا,MSA,1,1.9568435,2.834012508392334,-2.8399,-0.8021354675292969,3.58351893845611,5,2,0,0,4,0,12,1,1,0,0.8771690130233765
166,train-5462,أن,MSA,1,17.783657,7.024693012237549,-16.767624,-10.47868824005127,7.063903961472068,2,1,1,0,0,4,19,1,1,0,-10.75896406173706
167,train-5470,حين,MSA,1,6.851862,-2.2733659744262695,-7.312348,-3.8820319175720215,3.784189633918261,3,1,1,0,0,2,5,1,1,0,-9.125227928161621
168,train-5484,لن,MSA,1,13.818642,15.493669509887695,6.837982,10.774835586547852,5.717027701406222,2,1,1,0,16,0,39,1,1,0,1.675027847290039
169,train-5484,تعود,MSA,1,5.607169,2.642636775970459,-13.818642,10.52878189086914,3.091042453358316,4,2,0,0,16,1,40,1,1,0,-2.9645323753356934
170,train-5494,الذي,MSA,1,0.30147004,9.396873474121094,0.006761968,3.054414987564087,5.811140992976701,4,1,1,0,9,0,26,1,1,0,9.09540343284607
171,train-5494,يؤمن,MSA,1,11.064264,14.712448120117188,-0.30147004,3.054414987564087,2.1972245773362196,4,2,0,0,9,1,27,1,1,0,3.648183822631836
172,train-5494,تكتمل,MSA,1,5.173279,7.930097579956055,2.250939,1.1758379936218262,2.1972245773362196,5,3,0,0,9,4,33,1,1,0,2.7568187713623047
173,train-5494,به,MSA,1,7.0751657,2.056692123413086,-5.173279,1.258538007736206,4.795790545596741,2,1,1,0,9,5,36,1,1,0,-5.0184736251831055
174,train-5494,ثورتنا,MSA,1,10.176146,6.778210163116455,-7.0751657,0.7991225123405457,2.833213344056216,6,3,0,0,9,6,37,1,1,0,-3.397935390472412
175,train-5500,متى,MSA,1,5.9084406,6.738436698913574,-3.6858826,-4.944189071655273,3.044522437723423,3,2,0,0,9,3,39,1,1,0,0.8299961090087891
176,train-5510,كما,MSA,1,10.356137,15.793485641479492,6.1816616,11.856826782226562,5.099866427824199,3,1,1,0,20,1,45,1,1,0,5.437348365783691
177,train-5524,أغلبية,MSA,1,-6.9556193,4.524016380310059,11.173913,14.635376930236816,2.302585092994046,6,2,0,0,12,0,27,1,1,1,11.47963571548462
178,train-5524,لم,MSA,1,2.3210936,2.4019577503204346,8.017819,14.044626235961914,6.111467339502679,2,1,1,0,12,2,30,1,1,0,0.08086419105529785
179,train-5548,رجل,MSA,1,3.7376962,4.132009506225586,-0.5210496,2.5500881671905518,3.6109179126442243,3,1,0,0,23,0,40,1,1,0,0.39431333541870117
180,train-5548,امرأة,MSA,1,0.6113936,-0.7155684232711792,0.17990768,2.1601333618164062,1.791759469228055,5,2,0,0,23,2,42,1,1,0,-1.3269619941711426
181,train-5559,يعلن,MSA,1,0.63531315,11.484514236450195,10.085195,11.678537368774414,2.4849066497880004,4,2,0,0,10,0,25,1,1,0,10.849201083183289
182,train-5575,خوفا,MSA,1,-1.9135286,6.215428352355957,7.7303076,7.847846984863281,2.9444389791664403,4,3,0,0,14,0,31,1,1,1,8.128956913948059
183,train-5575,نتائج,MSA,1,8.33785,8.61777114868164,-1.2260102,7.444389820098877,3.258096538021482,5,2,0,0,14,2,35,1,1,0,0.2799215316772461
184,train-5575,الديموقراطية,MSA,1,0.702242,11.283588409423828,-8.33785,6.90248966217041,2.8903717578961645,12,5,0,0,14,3,37,1,1,0,10.58134639263153
185,train-5589,يعيد,MSA,1,-1.4500133,-1.0984249114990234,-7.2916145,2.8801159858703613,2.5649493574615367,4,2,0,0,0,3,4,1,1,1,0.3515883684158325
186,train-5606,خوفا,MSA,1,-10.632843,7.058919906616211,18.873623,13.47339153289795,2.9444389791664403,4,3,0,0,22,0,41,1,1,1,17.691762924194336
187,train-5617,طريق,MSA,1,-0.98559606,15.28030776977539,9.47595,11.517596244812012,4.02535169073515,4,1,0,0,14,3,40,1,1,1,16.26590383052826
188,train-5663,أن,MSA,1,-16.628723,1.9622242450714111,15.943059,8.399728775024414,7.063903961472068,2,1,1,0,2,3,10,1,1,1,18.59094738960266
189,train-5667,فيما,MSA,1,10.428092,2.1459732055664062,2.269969,5.279439449310303,2.9444389791664403,4,1,0,0,8,0,15,1,1,0,-8.282118797302246
190,train-5739,تحية,MSA,1,2.323872,2.5288851261138916,1.6381685,3.171281576156616,3.9889840465642745,4,2,0,0,13,0,36,1,1,0,0.20501303672790527
191,train-7580,لكم,MSA,1,8.696137,3.685204029083252,-0.96557236,-0.7280265688896179,3.871201010907891,3,1,0,0,2,2,8,1,1,0,-5.0109333992004395
192,train-7580,أسماء,MSA,1,6.2125373,8.8705415725708,-8.696137,-0.7874130010604858,2.5649493574615367,5,2,0,0,2,3,9,1,0,0,2.6580042839050293
193,train-7720,جميعا,MSA,1,-0.48537123,0.2009263038635254,9.990148,2.7340550422668457,4.897839799950911,5,2,0,0,0,2,3,1,1,1,0.6862975358963013
194,train-7720,المجتمع,MSA,1,-1.709648,4.731878280639648,-0.18182755,3.8148512840270996,4.442651256490317,7,1,0,0,12,4,33,1,1,1,6.441526293754578
195,train-7720,المصري,MSA,1,-5.110957,3.5040175914764404,1.709648,3.565059185028076,5.288267030694535,6,1,0,0,12,5,34,1,1,1,8.614974737167358
196,train-7724,بين,MSA,1,-1.5912412,6.047898292541504,6.8853407,6.562031269073486,5.68697535633982,3,1,1,0,10,2,20,1,0,1,7.639139533042908
197,train-7724,غياب,MSA,1,-2.7897735,2.952223777770996,9.591045,6.095888137817383,2.6390573296152584,4,2,0,0,15,5,33,1,1,1,5.741997241973877
198,train-7790,شعبه,MSA,1,4.2299037,-5.822816848754883,-4.151507,3.5159387588500977,2.4849066497880004,4,2,0,0,0,2,5,1,1,0,-10.052720546722412
199,train-7868,الثورة,MSA,1,5.354255,4.581460952758789,-6.1556797,1.1295422315597534,6.182084906716632,6,2,0,0,0,3,5,1,1,0,-0.772794246673584
200,train-7868,لكم,MSA,1,7.9175286,8.277432441711426,-4.2843895,0.9410309791564941,3.871201010907891,3,1,0,0,12,8,41,1,1,0,0.35990381240844727
201,train-7900,غدا,MSA,1,-3.6966672,6.928375720977783,8.012436,4.8332648277282715,4.290459441148391,3,2,0,0,4,0,8,1,1,1,10.625042915344238
202,train-7973,مثل,MSA,1,-6.2286615,1.3363499641418457,5.261276,5.405272483825684,4.219507705176107,3,1,1,0,0,5,11,1,1,1,7.565011501312256
203,train-7973,اليوم,MSA,1,0.07077819,7.758326530456543,6.2286615,5.405272483825684,5.8944028342648505,5,1,0,0,0,6,12,1,1,0,7.687548339366913
204,train-8060,لم,MSA,1,-6.049755,8.436324119567871,13.487075,11.778459548950195,6.111467339502679,2,1,1,0,16,0,39,1,1,1,14.486079216003418
205,train-8060,يعد,MSA,1,0.5261122,7.5542192459106445,6.049755,11.778459548950195,2.772588722239781,3,1,0,0,16,1,40,1,0,0,7.028107047080994
206,train-8092,الى,MSA,1,7.6681166,5.825526237487793,12.317044,8.747328758239746,5.961005339623274,3,1,1,0,14,1,29,1,1,0,-1.84259033203125
207,train-8092,جانب,MSA,1,-6.259268,6.322920799255371,-7.6681166,8.747328758239746,2.1972245773362196,4,1,0,0,14,2,30,1,1,1,12.582188606262207
208,train-8111,ثم,MSA,1,-7.348363,2.7455191612243652,10.979047,8.442723274230957,4.844187086458591,2,1,1,0,4,0,13,1,1,1,10.093882083892822
209,train-8111,ثم,MSA,1,-0.46805155,3.4119601249694824,0.20787144,8.223851203918457,4.844187086458591,2,1,1,0,5,1,17,1,1,1,3.8800116777420044
210,train-8111,الانتخابات,MSA,1,-0.7005147,1.67976975440979,0.46805155,6.887854099273682,5.541263545158426,10,2,0,0,5,2,18,1,0,1,2.3802844285964966
211,train-8111,ثم,MSA,1,-3.6078506,4.4355268478393555,0.7005147,5.970739841461182,4.844187086458591,2,1,1,0,5,3,20,1,1,1,8.04337739944458
212,train-8111,ثم,MSA,1,-2.870812,2.1493051052093506,7.09105,5.122615814208984,4.844187086458591,2,1,1,0,5,4,24,1,1,1,5.0201170444488525
213,train-8113,مثل,MSA,1,0.9778662,-1.2651472091674805,-3.3613806,-1.449392318725586,4.219507705176107,3,1,1,0,0,3,10,1,1,0,-2.243013381958008
214,train-8115,تكتب,MSA,1,-10.485084,3.3132920265197754,13.324132,5.344581604003906,1.9459101490553132,4,2,0,0,7,1,16,1,1,1,13.798375606536865
215,train-8115,الحكومات,MSA,1,-6.357333,5.572512626647949,-0.5496578,7.7163777351379395,1.791759469228055,8,2,0,0,7,8,35,1,1,1,11.929845809936523
216,train-8119,ليس,MSA,1,2.207294,7.618472099304199,11.498473,4.35514497756958,5.123963979403259,3,1,1,0,8,2,29,1,1,0,5.411178112030029
217,train-8122,إلى,MSA,1,-0.030314565,3.975316047668457,-8.2370205,,6.111467339502679,3,1,1,0,0,1,3,1,1,1,4.005630612373352
218,train-8122,خارجية,MSA,1,0.7427032,-2.3629512786865234,-1.8129482,-4.1319193840026855,1.9459101490553132,6,1,0,0,0,3,6,1,1,0,-3.10565447807312
219,train-8122,لنقل,MSA,1,-0.3325914,2.4121391773223877,-0.8423537,-3.3764657974243164,2.0794415416798357,4,2,0,0,0,4,7,1,1,1,2.744730591773987
220,train-8122,صلاة,MSA,1,2.7753363,-0.912652313709259,0.3325914,-2.7429378032684326,2.70805020110221,4,2,0,0,0,5,9,1,1,0,-3.687988579273224
221,train-8131,وطني,MSA,1,6.057413,8.794689178466797,-4.383026,2.474715232849121,3.7376696182833684,4,2,0,0,0,4,5,1,1,0,2.737276077270508
222,train-8147,لمجرد,MSA,1,-16.720787,-0.5532026290893555,13.970955,12.459443092346191,2.5649493574615367,5,3,0,0,13,2,41,1,0,1,16.16758441925049
223,train-8157,جيدة,MSA,1,2.5166311,-3.410356044769287,-3.4465046,-2.856022357940674,1.791759469228055,4,1,0,0,0,5,13,1,1,0,-5.926987171173096
224,train-8166,دماء,MSA,1,-9.447274,4.983376502990723,4.499983,8.734896659851074,3.8066624897703196,4,2,0,0,11,1,25,1,1,1,14.43065071105957
225,train-8166,كثيرة,MSA,1,-6.0588665,3.2652125358581543,9.447274,8.381987571716309,3.2188758248682006,5,2,0,0,11,2,27,1,1,1,9.324079036712646
226,train-8174,هذه,MSA,1,10.054444,5.481916427612305,-10.255018,-2.1301071643829346,5.517452896464707,3,1,1,0,0,8,13,1,1,0,-4.572527885437012
227,train-8196,الإسلاميون,MSA,1,6.080557,0.8946242332458496,-2.4961495,-3.802567481994629,1.791759469228055,10,2,0,0,0,3,5,1,1,0,-5.185932636260986
228,train-8197,آيات,MSA,1,-4.340038,-4.696269989013672,11.189035,8.232186317443848,1.791759469228055,4,2,0,0,10,3,35,1,1,1,-0.3562321662902832
229,train-8222,حان,MSA,1,-1.0573753,1.1834752559661865,6.213622,9.466424942016602,2.3978952727983707,3,2,0,0,10,0,42,1,1,1,2.240850567817688
230,train-8226,الدفاع,MSA,1,-0.5434755,0.7366905212402344,-4.920244,11.041501998901367,3.7376696182833684,6,1,0,0,10,4,30,1,1,1,1.2801660299301147
231,train-8228,مؤيدي,MSA,1,9.402318,8.845120429992676,-6.2410426,0.1696818619966507,2.0794415416798357,5,2,0,0,0,7,14,1,0,0,-0.5571975708007812
232,train-8249,الاعتداء,MSA,1,0.38038623,5.996589660644531,11.4191,4.532871723175049,3.1780538303479458,8,2,0,0,4,1,7,1,1,0,5.616203427314758
233,train-8249,السافر,MSA,1,1.509814,0.2549237608909607,-0.38038623,5.910117149353027,1.791759469228055,6,2,0,0,4,2,9,1,1,0,-1.254890263080597
234,train-8249,الحريات,MSA,1,-0.91591287,0.8524274230003357,-3.001483,3.951483964920044,2.995732273553991,7,2,0,0,4,4,12,1,1,1,1.768340289592743
235,train-8255,فلا,MSA,1,-6.7558994,0.4306221604347229,16.769035,11.210922241210938,3.6375861597263857,3,1,1,0,15,0,28,1,1,1,7.186521589756012
236,train-8260,التي,MSA,1,9.141591,2.9984426498413086,-9.237366,-4.7319817543029785,5.8971538676367405,4,1,1,0,0,8,13,1,1,0,-6.143148422241211
237,train-8299,اقترب,MSA,1,1.6011485,2.9395296573638916,1.5968822,4.77560567855835,1.9459101490553132,5,3,0,0,4,0,13,1,1,0,1.3383811712265015
238,train-8369,نائب,MSA,1,8.150268,-0.23732265830039978,-0.9150392,-0.18491017818450928,3.5263605246161616,4,2,0,0,1,1,14,1,1,0,-8.387590259313583
239,validation-42,اجل,MSA,1,-5.8578143,0.4874216914176941,12.911964,12.089216232299805,4.605170185988092,3,2,0,0,4,1,9,1,1,1,6.345236003398895
240,validation-64,العبث,MSA,1,-3.3295107,9.043289184570312,1.0831825,7.716733455657959,2.1972245773362196,5,3,0,0,12,1,33,1,1,1,12.37279987335205
241,validation-64,أن,MSA,1,3.4690342,2.760770320892334,3.3295107,7.206459999084473,7.063903961472068,2,1,1,0,12,2,36,1,1,0,-0.7082638740539551
242,validation-71,الذي,MSA,1,0.24368358,8.613330841064453,0.6168971,-2.212528705596924,5.811140992976701,4,1,1,0,12,0,28,1,1,0,8.36964726448059
243,validation-71,أن,MSA,1,8.645326,1.8785455226898193,-3.7844353,-2.0610790252685547,7.063903961472068,2,1,1,0,12,2,31,1,1,0,-6.766780138015747
244,validation-71,المزيد,MSA,1,6.5512834,1.2571659088134766,-7.2633963,-2.9464335441589355,2.833213344056216,6,1,0,0,12,5,38,1,1,0,-5.294117450714111
245,validation-71,الدماء,MSA,1,6.4516096,7.790484428405762,-7.5149927,-3.3865344524383545,3.8066624897703196,6,2,0,0,12,7,40,1,1,0,1.3388748168945312
246,validation-80,المتطرف,MSA,1,-0.72839916,3.0394644737243652,2.1371188,,2.4849066497880004,7,2,0,0,0,1,3,1,1,1,3.767863631248474
247,validation-89,هذا,MSA,1,1.0581976,6.724851131439209,-4.510669,-3.420659065246582,5.8522024797744745,3,1,1,0,0,2,5,1,1,0,5.666653513908386
248,validation-89,سينما,MSA,1,-5.2627172,-4.616589546203613,-1.228785,-3.045990467071533,2.6390573296152584,5,1,0,0,0,4,9,1,0,1,0.6461277008056641
249,validation-89,سينما,MSA,1,-3.5015683,-2.2281646728515625,-0.13420004,-1.3239396810531616,2.6390573296152584,5,1,0,0,2,6,22,1,0,1,1.2734036445617676
250,validation-94,والذي,MSA,1,-4.7133207,0.8734486699104309,15.038024,3.2746379375457764,2.1972245773362196,5,1,1,0,10,0,22,1,1,1,5.58676940202713
251,validation-94,القادم,MSA,1,12.715016,4.473971366882324,-3.1853294,2.919017791748047,3.784189633918261,6,2,0,0,10,5,32,1,1,0,-8.241044998168945
252,validation-94,بإذن,MSA,1,2.9851851,6.51909065246582,-12.715016,2.512061357498169,4.30406509320417,4,2,0,0,10,6,34,1,1,0,3.533905506134033
253,validation-99,أنه,MSA,1,-9.549381,4.811107635498047,6.2178774,7.949506759643555,4.51085950651685,3,1,1,0,11,0,27,1,1,1,14.360488891601562
254,validation-99,لم,MSA,1,7.5329523,7.013180255889893,9.549381,7.949506759643555,6.111467339502679,2,1,1,0,11,1,28,1,1,0,-0.5197720527648926
255,validation-99,يقل,MSA,1,-0.47564304,3.977175712585449,-7.5329523,8.082829475402832,1.9459101490553132,3,2,0,0,11,2,29,1,1,1,4.452818751335144
256,validation-105,دائما,MSA,1,3.520619,4.402946949005127,-0.26030934,,3.4657359027997265,5,2,0,0,0,1,3,1,1,0,0.8823280334472656
257,validation-110,ذلك,MSA,1,-6.295575,15.14426040649414,11.432338,9.828715324401855,5.153291594497779,3,1,1,0,16,1,40,1,1,1,21.43983554840088
258,validation-110,لن,MSA,1,12.958156,8.565818786621094,6.295575,9.923046112060547,5.717027701406222,2,1,1,0,16,2,41,1,1,0,-4.392336845397949
259,validation-110,أنه,MSA,1,-0.7503209,8.854427337646484,2.7460175,8.527853012084961,4.51085950651685,3,1,1,0,16,4,44,1,1,1,9.604748249053955
260,validation-117,ألا,MSA,1,6.9429965,10.20743465423584,4.841669,2.018488883972168,3.4657359027997265,3,2,0,0,16,2,48,1,0,0,3.2644381523132324
261,validation-125,يوميا,MSA,1,0.4939021,5.061029434204102,2.7737355,9.735727310180664,2.70805020110221,5,2,0,0,13,2,41,1,1,0,4.567127346992493
262,validation-136,المساواة,MSA,1,-6.3356495,9.714561462402344,3.136176,5.012171745300293,2.3978952727983707,8,4,0,0,11,4,45,1,1,1,16.05021095275879
263,validation-145,المعركة,MSA,1,-0.04995966,9.269627571105957,-0.4531814,6.676206111907959,2.4849066497880004,7,2,0,0,11,5,27,1,1,1,9.319587230682373
264,validation-145,سقوط,MSA,1,6.8539157,5.897965908050537,3.9391623,5.461496353149414,2.3978952727983707,4,2,0,0,11,8,33,1,1,0,-0.9559497833251953
265,validation-178,دائما,MSA,1,-13.841935,0.7578868269920349,12.415129,4.231539249420166,3.4657359027997265,5,2,0,0,4,0,8,1,1,1,14.599821984767914
266,validation-179,النشر,MSA,1,2.8615918,2.1768369674682617,-0.3342622,-5.204560279846191,2.0794415416798357,5,2,0,0,0,3,7,1,1,0,-0.6847548484802246
267,validation-190,قريبا,MSA,1,0.7603935,1.4719020128250122,-1.2996951,1.3031902313232422,3.332204510175204,5,3,0,0,0,4,6,1,1,0,0.7115085124969482
268,validation-198,الديموقراطية,MSA,1,4.600546,7.705633163452148,-6.3723435,,2.8903717578961645,12,5,0,0,0,0,5,1,1,0,3.1050872802734375
269,validation-198,الآن,MSA,1,6.1289797,6.155406951904297,-4.600546,,5.455321115357702,4,1,0,0,0,1,10,1,1,0,0.026427268981933594
270,validation-203,المشير,MSA,1,0.8612869,1.7028110027313232,14.823888,10.148238182067871,2.9444389791664403,6,2,0,0,4,0,11,1,1,0,0.8415241241455078
271,validation-211,نحن,MSA,1,-1.3399688,3.7120325565338135,12.126203,6.950909614562988,4.343805421853684,3,1,1,0,18,0,41,1,1,1,5.052001357078552
272,validation-212,الانتخابات,MSA,1,-7.3811235,6.50984001159668,-7.5064425,6.5686774253845215,5.541263545158426,10,2,0,0,11,2,25,1,0,1,13.890963554382324
273,validation-223,لمن,MSA,1,-4.992622,8.243831634521484,17.919994,8.364992141723633,4.07753744390572,3,1,0,0,8,0,16,1,1,1,13.236453533172607
274,validation-223,فهو,MSA,1,-1.8111304,2.023634433746338,4.1768785,7.3947434425354,3.58351893845611,3,1,1,0,8,4,25,1,1,1,3.834764838218689
275,validation-228,يريد,MSA,1,-3.535572,8.099379539489746,13.283907,11.516541481018066,3.828641396489095,4,1,0,0,16,1,32,1,1,1,11.6349515914917
276,validation-234,دائما,MSA,1,-13.781491,2.252072811126709,5.373267,-0.02685225009918213,3.4657359027997265,5,2,0,0,2,0,4,1,1,1,16.03356409072876
277,validation-234,دائما,MSA,1,-7.199111,5.705722808837891,12.851054,6.721748352050781,3.4657359027997265,5,2,0,0,6,1,14,1,1,1,12.904833793640137
278,validation-236,يحتاج,MSA,1,3.966515,1.6098318099975586,3.473465,,2.5649493574615367,5,2,0,0,0,0,3,1,1,0,-2.3566832542419434
279,validation-236,تطهير,MSA,1,2.7000766,1.6081883907318115,-1.6099159,-4.007364749908447,2.70805020110221,5,3,0,0,0,2,8,1,1,0,-1.091888189315796
280,validation-239,أكثر,MSA,1,0.88958573,9.417587280273438,9.697174,7.546274662017822,4.3694478524670215,4,1,0,0,14,4,37,1,1,0,8.528001546859741
281,validation-239,تحقيق,MSA,1,-0.6734811,9.8764066696167,-1.3215415,6.301959991455078,4.189654742026425,5,1,0,0,14,8,44,1,1,1,10.549887776374817
282,validation-441,معي,MSA,1,-6.0764794,5.717231273651123,21.57886,8.658452033996582,2.70805020110221,3,2,0,0,7,0,21,1,1,1,11.793710708618164
283,validation-441,أيضا,MSA,1,-4.510272,6.514064788818359,4.4676437,8.335704803466797,4.04305126783455,4,1,1,0,7,2,26,1,1,1,11.024336814880371
284,validation-875,النتائج,MSA,1,-0.95252025,7.6321258544921875,0.43612254,12.691484451293945,2.4849066497880004,7,3,0,0,9,0,18,1,1,1,8.584646105766296
285,validation-877,فقط,MSA,1,-8.512585,2.83790922164917,5.8096213,10.193580627441406,4.890349128221754,3,1,1,0,0,3,12,1,0,1,11.350493907928467
286,validation-921,شاء,MSA,1,-5.8328533,4.030165672302246,9.959489,12.656245231628418,5.081404364984463,3,2,0,0,3,1,14,1,0,1,9.863018989562988
287,validation-1015,برجاء,MSA,1,1.5120257,9.05732536315918,6.6134243,8.062509536743164,2.70805020110221,5,2,0,0,13,0,29,1,1,0,7.545299649238586
288,validation-1015,رئيسا,MSA,1,4.2590947,6.080577850341797,0.50261617,7.3786139488220215,3.58351893845611,5,2,0,0,13,2,35,1,1,0,1.8214831352233887
289,validation-1015,للوزراء,MSA,1,4.4544463,4.20891809463501,-4.2590947,6.9202141761779785,2.1972245773362196,7,3,0,0,13,3,37,1,1,0,-0.2455282211303711
290,validation-1019,صراع,MSA,1,-0.24649167,2.3939788341522217,5.091342,6.308404922485352,2.772588722239781,4,2,0,0,3,0,9,1,1,1,2.640470504760742
291,validation-1019,إلى,MSA,1,-4.3193502,6.017574310302734,-0.18824542,4.488661289215088,6.111467339502679,3,1,1,0,3,2,14,1,1,1,10.33692455291748
292,validation-1019,بقاء,MSA,1,0.48397052,-0.007736861705780029,-3.9080968,3.6809585094451904,2.0794415416798357,4,2,0,0,3,4,17,1,1,0,-0.49170738458633423
293,validation-1042,غدا,MSA,1,11.180049,9.494660377502441,1.2106282,9.912640571594238,4.290459441148391,3,2,0,0,14,3,36,1,1,0,-1.6853885650634766
294,validation-1046,لذا,MSA,1,-4.7673855,3.330575704574585,12.503649,7.854180335998535,2.70805020110221,3,1,0,0,10,4,29,1,1,1,8.097961187362671
295,validation-1047,الاستمرار,MSA,1,8.438552,6.168164253234863,-6.7508173,1.1852947473526,2.5649493574615367,9,2,0,0,5,1,8,1,0,0,-2.270387649536133
296,validation-1047,بالتصويت,MSA,1,9.4975395,3.979466438293457,-8.438552,-0.1373906135559082,1.791759469228055,8,3,0,1,5,2,10,1,1,0,-5.518073081970215
297,validation-1054,يستحق,MSA,1,-3.4057293,8.612685203552246,9.040954,11.128149032592773,2.70805020110221,5,2,0,0,15,1,31,1,1,1,12.018414497375488
298,validation-1070,لم,MSA,1,-2.9147754,6.288468360900879,3.3794088,,6.111467339502679,2,1,1,0,0,0,5,1,1,1,9.203243732452393
299,validation-1088,تم,MSA,1,6.451003,9.368001937866211,6.811419,0.2838508188724518,4.59511985013459,2,1,0,0,0,3,14,1,1,0,2.916998863220215
300,validation-1104,المياه,MSA,1,-18.246475,-1.4272515773773193,18.267448,4.148956298828125,2.0794415416798357,6,1,0,0,19,0,47,1,1,1,16.819223642349243
301,train-51,اللي,EGY,0,10.694161,7.588587284088135,-5.818108,,6.480044561926653,4,1,1,0,0,1,3,1,1,0,-3.105574131011963
302,train-51,فاتت,EGY,0,10.07796,13.512697219848633,-10.659675,-5.909226417541504,2.995732273553991,4,3,0,0,0,2,4,1,1,0,3.434737205505371
303,train-69,ازاي,EGY,0,16.217394,10.412506103515625,-18.6571,-6.9647674560546875,3.332204510175204,4,2,1,0,11,8,42,1,1,0,-5.804887771606445
304,train-116,ده,EGY,0,12.108287,12.581825256347656,-16.634018,-0.9936208724975586,5.58724865840025,2,1,1,0,15,6,44,1,1,0,0.4735383987426758
305,train-131,ده,EGY,0,5.853611,12.977972030639648,-5.356739,-0.8170152902603149,5.58724865840025,2,1,1,0,13,1,32,1,1,0,7.124361038208008
306,train-184,بلوك,EGY,0,16.245184,6.425746917724609,-11.161677,-8.949728012084961,2.8903717578961645,4,2,0,0,0,5,7,1,0,0,-9.819437026977539
307,train-184,ده,EGY,0,15.855338,10.621686935424805,-16.245184,-9.392118453979492,5.58724865840025,2,1,1,0,0,6,9,1,1,0,-5.233651161193848
308,train-184,مش,EGY,0,14.596101,14.79217529296875,-15.855338,-10.534295082092285,6.052089168924417,2,1,1,0,0,7,10,1,1,0,0.1960744857788086
309,train-227,التايم,EGY,0,5.151317,9.220705032348633,-13.697696,-1.143438458442688,3.1354942159291497,6,3,0,0,9,4,18,1,0,0,4.069387912750244
310,train-261,اللي,EGY,0,5.6706576,12.050067901611328,7.9139004,0.020706096664071083,6.480044561926653,4,1,1,0,9,0,21,1,1,0,6.379410266876221
311,train-261,اللي,EGY,0,7.8822794,11.99911117553711,-6.1768374,-1.582163691520691,6.480044561926653,4,1,1,0,9,3,26,1,1,0,4.1168317794799805
312,train-261,فاتت,EGY,0,7.620883,8.964548110961914,-7.8822794,-1.9650532007217407,2.995732273553991,4,3,0,0,9,4,27,1,1,0,1.3436651229858398
313,train-263,بس,EGY,0,1.4430987,15.74342155456543,3.1575007,-2.9771652221679688,5.204006687076795,2,1,1,0,13,2,34,1,1,0,14.300322890281677
314,train-263,عارفين,EGY,0,7.096549,14.020217895507812,-1.4430987,-2.9771652221679688,3.332204510175204,6,3,0,0,13,3,35,1,1,0,6.92366886138916
315,train-263,ايه,EGY,0,11.264322,12.058229446411133,-7.096549,-2.881286144256592,4.605170185988092,3,2,1,0,13,4,38,1,1,0,0.7939071655273438
316,train-278,اهو,EGY,0,14.27121,19.654417037963867,-0.9587592,3.2056987285614014,1.9459101490553132,3,2,1,0,9,2,41,1,1,0,5.383207321166992
317,train-278,ايه,EGY,0,16.591858,14.364157676696777,-15.64535,1.4022516012191772,4.605170185988092,3,2,1,0,9,4,45,1,1,0,-2.2277002334594727
318,train-316,احنا,EGY,0,12.975662,13.541259765625,5.798295,3.4018187522888184,4.382026634673881,4,2,1,0,7,2,14,1,1,0,0.5655975341796875
319,train-363,كده,EGY,0,10.445128,13.584789276123047,-2.871902,5.635017395019531,4.5217885770490405,3,2,1,0,15,1,32,1,1,0,3.1396608352661133
320,train-363,ولاد,EGY,0,1.8538972,9.592232704162598,-8.66962,4.188718795776367,2.4849066497880004,4,2,0,0,15,3,37,1,1,0,7.738335490226746
321,train-869,اللي,EGY,0,4.64346,12.263132095336914,-2.154644,,6.480044561926653,4,1,1,0,0,0,3,1,1,0,7.6196722984313965
322,train-1041,بكرة,EGY,0,7.7804174,3.0954997539520264,-17.603523,-14.185098648071289,3.7612001156935624,4,2,0,0,0,6,12,1,1,0,-4.684917688369751
323,train-1043,اللي,EGY,0,10.235803,11.110856056213379,-2.6397605,-1.865230679512024,6.480044561926653,4,1,1,0,10,2,34,1,1,0,0.8750534057617188
324,train-1117,بكرة,EGY,0,12.703794,8.040046691894531,-20.7724,3.7455291748046875,3.7612001156935624,4,2,0,0,14,1,22,1,1,0,-4.6637468338012695
325,train-1117,بيقولوا,EGY,0,18.2974,15.364956855773926,-13.12752,1.185076117515564,1.9459101490553132,7,3,0,1,14,2,25,1,1,0,-2.9324426651000977
326,train-1143,اللي,EGY,0,9.252632,8.622626304626465,1.5860848,6.457383155822754,6.480044561926653,4,1,1,0,16,1,43,1,1,0,-0.6300058364868164
327,train-1143,ليه,EGY,0,7.2541485,13.279413223266602,-9.252632,6.170835971832275,4.2626798770413155,3,2,1,0,16,2,44,1,1,0,6.025264739990234
328,train-1184,ياللا,EGY,0,9.9220295,11.668795585632324,5.10748,1.4617606401443481,1.9459101490553132,5,3,1,0,11,0,37,1,1,0,1.7467660903930664
329,train-1184,بقى,EGY,0,11.0536375,12.05282974243164,-9.9220295,1.4617606401443481,4.04305126783455,3,2,1,0,11,1,40,1,1,0,0.9991922378540039
330,train-1184,بس,EGY,0,10.556777,12.490030288696289,-13.372243,-1.9922765493392944,5.204006687076795,2,1,1,0,11,5,47,1,1,0,1.933253288269043
331,train-1234,مافيش,EGY,0,9.89017,15.115154266357422,1.3757885,5.813808917999268,3.58351893845611,5,3,0,1,3,1,16,1,1,0,5.224984169006348
332,train-1289,بيقول,EGY,0,15.585301,14.315046310424805,-0.9156141,0.2299365997314453,3.258096538021482,5,2,0,1,0,1,3,1,1,0,-1.2702550888061523
333,train-1312,اللي,EGY,0,10.116111,11.970403671264648,-1.8120514,,6.480044561926653,4,1,1,0,0,0,7,1,1,0,1.854292869567871
334,train-1383,اللى,EGY,0,6.944178,9.207151412963867,1.738159,-3.124055862426758,4.343805421853684,4,2,0,0,3,0,10,1,1,0,2.2629733085632324
335,train-1383,بيهم,EGY,0,8.200252,11.528019905090332,-12.83932,-2.863532543182373,2.302585092994046,4,2,0,1,3,2,14,1,1,0,3.327768325805664
336,train-1402,شغالة,EGY,0,12.831258,15.132911682128906,-22.148964,0.2658050060272217,1.791759469228055,5,3,0,0,7,2,30,1,1,0,2.3016538619995117
337,train-1450,اللي,EGY,0,7.598856,10.78813362121582,1.5939239,1.011448621749878,6.480044561926653,4,1,1,0,12,0,24,1,1,0,3.1892776489257812
338,train-1453,بلوك,EGY,0,12.387185,6.045013904571533,-3.9589033,-0.08750566095113754,2.8903717578961645,4,2,0,0,17,2,46,1,0,0,-6.3421711921691895
339,train-1492,عشان,EGY,0,14.950473,18.604736328125,-8.837231,,5.043425116919247,4,2,1,0,0,1,3,1,1,0,3.654263496398926
340,train-1492,ابقى,EGY,0,9.745749,12.36082649230957,-14.950473,-8.837230682373047,1.791759469228055,4,2,0,0,0,2,5,1,1,0,2.615077018737793
341,train-1512,بقت,EGY,0,17.196115,12.623111724853516,-6.1046476,,2.6390573296152584,3,2,0,0,0,1,3,1,1,0,-4.573003768920898
342,train-1547,مش,EGY,0,12.992077,10.816959381103516,-3.4124136,-3.421830892562866,6.052089168924417,2,1,1,0,8,0,36,1,1,0,-2.1751174926757812
343,train-1547,ليها,EGY,0,13.963347,11.015364646911621,-10.182179,-6.11983060836792,2.4849066497880004,4,2,0,0,8,5,44,1,1,0,-2.9479827880859375
344,train-1678,بس,EGY,0,11.894172,9.306356430053711,-10.804406,2.267310380935669,5.204006687076795,2,1,1,0,9,1,27,1,1,0,-2.587815284729004
345,train-1678,اللى,EGY,0,8.042516,10.797468185424805,-9.80469,-1.0068844556808472,4.343805421853684,4,2,0,0,9,4,35,1,1,0,2.7549524307250977
346,train-1707,ليه,EGY,0,10.911473,15.08431625366211,-7.8441057,4.411043643951416,4.2626798770413155,3,2,1,0,14,1,42,1,1,0,4.172842979431152
347,train-1849,دي,EGY,0,7.669854,13.113163948059082,-0.7896236,5.793554306030273,5.056245805348308,2,1,1,0,8,0,33,1,1,0,5.443309783935547
348,train-1869,مش,EGY,0,11.5044985,8.925224304199219,-2.3023171,1.8289780616760254,6.052089168924417,2,1,1,0,8,4,36,1,1,0,-2.5792741775512695
349,train-1869,بس,EGY,0,12.583183,10.15593147277832,-11.5044985,1.484703540802002,5.204006687076795,2,1,1,0,8,5,37,1,1,0,-2.4272518157958984
350,train-1887,يطلع,EGY,0,6.211523,15.146678924560547,9.523469,5.254654884338379,2.1972245773362196,4,3,0,0,10,0,34,1,1,0,8.935155868530273
351,train-1894,ده,EGY,0,11.917005,13.138290405273438,1.8112572,2.1906871795654297,5.58724865840025,2,1,1,0,7,1,22,1,1,0,1.2212858200073242
352,train-1894,مش,EGY,0,14.567376,10.890881538391113,-18.101242,0.5810071229934692,6.052089168924417,2,1,1,0,7,3,24,1,1,0,-3.676494598388672
353,train-1905,اتقبض,EGY,0,17.117668,13.988058090209961,-1.6473938,,2.4849066497880004,5,3,0,0,0,0,11,1,1,0,-3.129610061645508
354,train-1941,عايزين,EGY,0,7.726184,10.829156875610352,-2.8053846,1.9302396774291992,3.367295829986474,6,4,0,0,6,0,39,1,1,0,3.102972984313965
355,train-1972,اتقبض,EGY,0,8.258248,12.296892166137695,5.360276,3.1033809185028076,2.4849066497880004,5,3,0,0,5,0,25,1,1,0,4.038643836975098
356,train-2013,بكرة,EGY,0,-4.428487,4.610543251037598,-0.99141455,8.321608543395996,3.7612001156935624,4,2,0,0,5,0,17,1,1,1,9.039030075073242
357,train-2033,بجد,EGY,0,5.9426517,13.692238807678223,0.70620716,0.800533652305603,3.4339872044851463,3,2,0,0,8,0,21,1,1,0,7.749587059020996
358,train-2049,خد,EGY,0,9.321844,10.565652847290039,-3.6281848,,1.791759469228055,2,1,0,0,0,0,4,1,1,0,1.2438087463378906
359,train-2117,بس,EGY,0,11.636189,15.439483642578125,-8.146904,-11.98035717010498,5.204006687076795,2,1,1,0,6,0,19,1,1,0,3.8032941818237305
360,train-2200,ومش,EGY,0,16.11293,15.834491729736328,-9.456399,-4.956746578216553,3.6635616461296463,3,2,1,1,6,0,15,1,1,0,-0.2784385681152344
361,train-3029,احنا,EGY,0,9.473247,13.602581977844238,5.9867396,,4.382026634673881,4,2,1,0,0,0,5,1,1,0,4.129335403442383
362,train-3029,موجودين,EGY,0,8.637527,13.156684875488281,-9.548372,,2.0794415416798357,7,2,0,0,0,1,7,1,0,0,4.519157409667969
363,train-3858,مش,EGY,0,10.586871,14.719768524169922,-9.44141,5.188389778137207,6.052089168924417,2,1,1,0,19,2,45,1,1,0,4.13289737701416
364,train-3859,مين,EGY,0,16.4,11.00324535369873,-10.055926,0.5732799172401428,3.713572066704308,3,1,1,0,2,2,7,1,1,0,-5.396754264831543
365,train-4033,ده,EGY,0,9.493569,13.78420639038086,-0.119873405,4.65985631942749,5.58724865840025,2,1,1,0,5,1,18,1,1,0,4.290637016296387
366,train-4159,بجد,EGY,0,-1.5298986,12.151775360107422,10.483383,10.021772384643555,3.4339872044851463,3,2,0,0,14,0,27,1,1,1,13.681674003601074
367,train-4279,لازم,EGY,0,1.8662835,11.874223709106445,6.336239,5.637665748596191,4.110873864173311,4,1,0,0,21,0,42,1,1,0,10.007940173149109
368,train-4279,يطلع,EGY,0,12.84737,11.695598602294922,-1.8662835,5.670931339263916,2.1972245773362196,4,3,0,0,21,1,43,1,1,0,-1.1517715454101562
369,train-4554,لسه,EGY,0,12.086982,17.658096313476562,15.461778,6.385459899902344,3.4339872044851463,3,2,1,0,14,0,25,1,1,0,5.571114540100098
370,train-4566,عايزين,EGY,0,3.6451044,9.847387313842773,11.465718,6.329613208770752,3.367295829986474,6,4,0,0,16,0,38,1,1,0,6.202282905578613
371,train-4569,دي,EGY,0,7.7965746,7.490236282348633,3.002798,2.8754007816314697,5.056245805348308,2,1,1,0,22,1,46,1,1,0,-0.3063383102416992
372,train-4586,خلاص,EGY,0,6.58449,10.881176948547363,5.6956134,5.143816947937012,3.4011973816621555,4,2,1,0,20,0,48,1,1,0,4.296687126159668
373,train-4607,إحنا,EGY,0,7.819044,13.626320838928223,6.448287,6.70538330078125,3.091042453358316,4,3,1,0,18,0,42,1,1,0,5.807276725769043
374,train-4609,واللي,EGY,0,9.351651,11.386913299560547,9.100606,7.0352959632873535,2.772588722239781,5,2,1,0,16,0,41,1,1,0,2.035262107849121
375,train-4617,شفت,EGY,0,6.5140634,11.140802383422852,3.7313457,3.1114134788513184,2.302585092994046,3,2,0,0,6,0,19,1,1,0,4.626739025115967
376,train-4617,اللي,EGY,0,8.811281,12.0161771774292,-6.5140634,3.214735746383667,6.480044561926653,4,1,1,0,6,1,21,1,1,0,3.2048959732055664
377,train-4617,بيحصل,EGY,0,17.159761,17.405372619628906,-8.811281,1.8249073028564453,2.772588722239781,5,3,0,1,6,2,22,1,1,0,0.24561119079589844
378,train-4634,إيه,EGY,0,8.456675,11.42713737487793,11.075055,3.8163411617279053,3.8918202981106265,3,2,1,0,21,0,40,1,1,0,2.9704627990722656
379,train-4663,لازم,EGY,0,10.447596,13.73768424987793,4.0256233,1.043160080909729,4.110873864173311,4,1,0,0,10,2,30,1,1,0,3.290088653564453
380,train-4679,لسه,EGY,0,14.549712,13.373490333557129,-7.791218,4.626867771148682,3.4339872044851463,3,2,1,0,12,7,46,1,1,0,-1.1762218475341797
381,train-4696,زي,EGY,0,7.416113,12.232751846313477,1.6342727,-0.8481093645095825,4.382026634673881,2,1,1,0,1,4,12,1,1,0,4.816638946533203
382,train-4697,دي,EGY,0,15.44748,12.894750595092773,-14.406114,-7.722859859466553,5.056245805348308,2,1,1,0,10,1,24,1,1,0,-2.552729606628418
383,train-4697,مش,EGY,0,13.643447,11.823307037353516,-9.747562,-9.20851993560791,6.052089168924417,2,1,1,0,10,5,31,1,1,0,-1.8201398849487305
384,train-4697,أكتر,EGY,0,11.363479,10.780619621276855,-13.643447,-9.24445629119873,2.833213344056216,4,2,0,0,10,6,32,1,1,0,-0.5828590393066406
385,train-4715,بتوع,EGY,0,2.450264,9.787078857421875,0.9615896,2.671698808670044,2.302585092994046,4,2,1,1,4,0,9,1,1,0,7.336814880371094
386,train-4824,مش,EGY,0,11.2134695,11.440292358398438,11.456065,6.8676862716674805,6.052089168924417,2,1,1,0,15,0,39,1,1,0,0.2268228530883789
387,train-4824,عارف,EGY,0,10.162255,9.038506507873535,-11.2134695,6.8676862716674805,3.295836866004329,4,2,0,0,15,1,40,1,1,0,-1.123748779296875
388,train-4824,بس,EGY,0,13.079969,13.540462493896484,-10.162255,5.737614631652832,5.204006687076795,2,1,1,0,15,2,42,1,1,0,0.4604930877685547
389,train-4837,اللي,EGY,0,6.8861723,8.29971981048584,-5.7101393,0.08856268227100372,6.480044561926653,4,1,1,0,14,2,41,1,1,0,1.4135475158691406
390,train-4850,لوحده,EGY,0,10.786116,14.857254028320312,-13.882071,-6.054965972900391,2.302585092994046,5,3,0,0,0,7,15,1,1,0,4.071138381958008
391,train-4853,إيه,EGY,0,15.237418,11.60234260559082,-11.876395,11.98396110534668,3.8918202981106265,3,2,1,0,18,1,39,1,1,0,-3.635075569152832
392,train-4862,إيه,EGY,0,10.548534,14.381671905517578,-0.5720726,3.2827956676483154,3.8918202981106265,3,2,1,0,8,1,23,1,1,0,3.8331375122070312
393,train-4923,برضه,EGY,0,13.788167,17.843135833740234,-8.71008,-7.02396821975708,2.833213344056216,4,3,1,0,0,2,5,1,1,0,4.05496883392334
394,train-4926,ماحدش,EGY,0,14.603584,15.71828842163086,7.3178225,5.072023391723633,3.091042453358316,5,3,0,1,5,0,10,1,1,0,1.1147041320800781
395,train-4926,لوحده,EGY,0,12.744166,12.807920455932617,-18.054321,-1.876362681388855,2.302585092994046,5,3,0,0,5,5,19,1,1,0,0.06375408172607422
396,train-4974,يبقى,EGY,0,-0.6516714,17.67557144165039,1.0950215,-1.5514285564422607,4.007333185232471,4,2,0,0,17,0,40,1,0,1,18.327242851257324
397,train-4982,اللي,EGY,0,6.6326714,11.180124282836914,7.63371,5.274744987487793,6.480044561926653,4,1,1,0,16,3,44,1,1,0,4.547452926635742
398,train-5000,مافيش,EGY,0,8.87717,15.444458961486816,2.557798,2.550750494003296,3.58351893845611,5,3,0,1,5,0,16,1,1,0,6.567289352416992
399,train-5007,اللي,EGY,0,5.9076395,11.4970064163208,-2.473887,1.4664767980575562,6.480044561926653,4,1,1,0,14,5,47,1,1,0,5.589366912841797
400,train-5007,إحنا,EGY,0,12.769322,11.628629684448242,-5.8630123,1.2811236381530762,3.091042453358316,4,3,1,0,14,6,48,1,1,0,-1.1406927108764648
401,train-5073,ليه,EGY,0,11.699575,10.851804733276367,-20.566341,2.486974000930786,4.2626798770413155,3,2,1,0,13,4,32,1,1,0,-0.8477706909179688
402,train-5073,بيها,EGY,0,19.73214,17.780563354492188,-18.36002,0.1930834800004959,2.833213344056216,4,1,0,1,18,7,48,1,1,0,-1.9515762329101562
403,train-5077,اللي,EGY,0,13.711608,9.196218490600586,-0.27202392,5.311066627502441,6.480044561926653,4,1,1,0,14,5,35,1,1,0,-4.515389442443848
404,train-5123,بتاع,EGY,0,9.322404,6.717428207397461,-9.567077,-1.3406647443771362,2.9444389791664403,4,2,1,1,14,6,46,1,1,0,-2.604975700378418
405,train-5127,مش,EGY,0,8.250825,13.748298645019531,8.195669,4.5299482345581055,6.052089168924417,2,1,1,0,15,0,43,1,1,0,5.49747371673584
406,train-5132,إحنا,EGY,0,12.2839985,13.904090881347656,7.5249977,6.174314498901367,3.091042453358316,4,3,1,0,19,0,33,1,1,0,1.6200923919677734
407,train-5138,بلوك,EGY,0,10.446027,7.5345377922058105,-10.196015,4.922116756439209,2.8903717578961645,4,2,0,0,5,3,16,1,0,0,-2.9114890098571777
408,train-5168,إيه,EGY,0,10.74386,13.281633377075195,2.707551,-3.6894404888153076,3.8918202981106265,3,2,1,0,5,0,13,1,1,0,2.5377731323242188
409,train-5168,ده,EGY,0,15.380115,8.572731018066406,-10.74386,-3.6894404888153076,5.58724865840025,2,1,1,0,5,1,15,1,1,0,-6.8073835372924805
410,train-5228,بس,EGY,0,8.466328,13.500641822814941,-4.790518,0.004016002174466848,5.204006687076795,2,1,1,0,0,4,11,1,1,0,5.034314155578613
411,train-5303,اللي,EGY,0,7.6833735,11.358369827270508,-0.7709458,3.0632333755493164,6.480044561926653,4,1,1,0,6,0,14,1,1,0,3.6749963760375977
412,train-5352,بيقول,EGY,0,17.208628,15.317962646484375,-17.683712,-3.3188107013702393,3.258096538021482,5,2,0,1,5,1,13,1,1,0,-1.890665054321289
413,train-5360,عشان,EGY,0,14.998948,17.421161651611328,0.3288163,1.3019126653671265,5.043425116919247,4,2,1,0,0,4,22,1,1,0,2.422213554382324
414,train-5364,ده,EGY,0,14.080316,14.701565742492676,-5.999687,-11.584890365600586,5.58724865840025,2,1,1,0,0,5,9,1,1,0,0.6212501525878906
415,train-5365,إحنا,EGY,0,13.56771,15.188604354858398,-1.5289985,-0.11979949474334717,3.091042453358316,4,3,1,0,0,3,3,1,1,0,1.620894432067871
416,train-5367,يبقى,EGY,0,15.360349,17.636266708374023,-16.544281,-0.1960430145263672,4.007333185232471,4,2,0,0,13,3,27,1,0,0,2.2759180068969727
417,train-5368,بكره,EGY,0,2.8150349,6.8061723709106445,7.6244392,7.172704696655273,2.70805020110221,4,2,0,0,6,1,18,1,1,0,3.9911375045776367
418,train-5388,ليها,EGY,0,10.484099,7.283204078674316,3.8555145,-0.23223848640918732,2.4849066497880004,4,2,0,0,11,0,27,1,1,0,-3.200895309448242
419,train-5388,امبارح,EGY,0,9.633649,9.214065551757812,-13.30527,-1.445210337638855,3.1780538303479458,6,3,0,0,14,1,35,1,1,0,-0.4195833206176758
420,train-5409,شفت,EGY,0,13.55605,11.45029067993164,-6.7303286,0.577982485294342,2.302585092994046,3,2,0,0,11,2,38,1,1,0,-2.105759620666504
421,train-5412,كويس,EGY,0,10.258435,13.588647842407227,-10.551448,-0.5804619193077087,2.772588722239781,4,2,0,0,10,2,22,1,1,0,3.3302125930786133
422,train-5412,بس,EGY,0,11.684894,12.790145874023438,-9.514025,-2.0919203758239746,5.204006687076795,2,1,1,0,10,3,25,1,1,0,1.1052522659301758
423,train-5448,وده,EGY,0,9.281104,13.033858299255371,10.325696,5.270176887512207,2.3978952727983707,3,2,1,0,12,0,24,1,1,0,3.7527542114257812
424,train-5448,كتير,EGY,0,9.943629,17.937665939331055,-8.156747,3.4354217052459717,3.5263605246161616,4,2,0,0,12,3,30,1,1,0,7.994036674499512
425,train-5505,أكتر,EGY,0,12.583128,12.07498550415039,-3.0302486,-0.8023000955581665,2.833213344056216,4,2,0,0,9,5,27,1,1,0,-0.5081424713134766
426,train-5522,كده,EGY,0,9.396321,10.023353576660156,-3.9225626,6.436043739318848,4.5217885770490405,3,2,1,0,8,1,28,1,1,0,0.6270322799682617
427,train-5523,بس,EGY,0,21.303886,7.044042587280273,-10.02626,-12.146800994873047,5.204006687076795,2,1,1,0,0,6,11,1,1,0,-14.259843826293945
428,train-5523,اللي,EGY,0,14.619566,9.614072799682617,-17.843079,-13.778160095214844,6.480044561926653,4,1,1,0,0,9,16,1,1,0,-5.0054931640625
429,train-5554,ازاي,EGY,0,11.237876,10.494096755981445,-13.557757,-18.543867111206055,3.332204510175204,4,2,1,0,0,1,5,1,1,0,-0.743779182434082
430,train-5554,دي,EGY,0,13.182864,5.942623138427734,-15.3764715,-14.872493743896484,5.056245805348308,2,1,1,0,0,3,9,1,1,0,-7.240241050720215
431,train-5608,مش,EGY,0,1.7321244,15.323698997497559,11.100095,10.654033660888672,6.052089168924417,2,1,1,0,16,2,36,1,1,0,13.591574549674988
432,train-5649,مش,EGY,0,12.021413,10.362553596496582,-5.9955482,3.6669719219207764,6.052089168924417,2,1,1,0,10,1,48,1,1,0,-1.6588592529296875
433,train-5654,ده,EGY,0,14.065743,13.79887580871582,-12.8293,2.9906704425811768,5.58724865840025,2,1,1,0,15,2,36,1,1,0,-0.26686763763427734
434,train-5654,إزاي,EGY,0,6.576694,14.649054527282715,-8.060044,1.164204716682434,2.6390573296152584,4,3,1,0,15,4,40,1,1,0,8.072360515594482
435,train-5654,فين,EGY,0,7.921487,12.213659286499023,-0.8250233,0.3159473240375519,3.9889840465642745,3,2,1,0,15,5,44,1,1,0,4.292172431945801
436,train-5665,مش,EGY,0,9.787817,11.956598281860352,4.2894635,2.7138607501983643,6.052089168924417,2,1,1,0,6,0,19,1,1,0,2.168781280517578
437,train-5673,بس,EGY,0,1.0786606,11.694454193115234,5.6865473,0.09943234920501709,5.204006687076795,2,1,1,0,6,0,15,1,1,0,10.615793585777283
438,train-5682,شوية,EGY,0,14.545574,10.62102222442627,-12.5473795,3.693265676498413,3.6109179126442243,4,2,0,0,13,2,36,1,1,0,-3.9245519638061523
439,train-5682,شوية,EGY,0,12.485345,16.56218910217285,-11.292245,-0.0401780866086483,3.6109179126442243,4,2,0,0,13,6,47,1,1,0,4.076844215393066
440,train-6038,ليه,EGY,0,17.75491,12.955997467041016,-16.346807,-6.203216075897217,4.2626798770413155,3,2,1,0,0,2,5,1,1,0,-4.798912048339844
441,train-6678,كمان,EGY,0,4.8564568,11.546939849853516,0.4854988,-0.94402676820755,3.6888794541139363,4,1,0,0,8,5,36,1,1,0,6.690483093261719
442,train-7542,عشان,EGY,0,15.683265,13.426265716552734,-15.5744505,-3.0813369750976562,5.043425116919247,4,2,1,0,6,2,15,1,1,0,-2.2569990158081055
443,train-7545,كده,EGY,0,10.677646,15.505732536315918,7.8303175,5.019839763641357,4.5217885770490405,3,2,1,0,8,2,16,1,1,0,4.828086853027344
444,train-7545,يقولوا,EGY,0,8.672207,12.232921600341797,-10.677646,5.300887584686279,2.1972245773362196,6,2,0,0,8,3,18,1,1,0,3.5607147216796875
445,train-7546,اللي,EGY,0,12.241805,11.125686645507812,-14.088094,3.1839985847473145,6.480044561926653,4,1,1,0,0,2,4,1,1,0,-1.1161184310913086
446,train-7546,بيقول,EGY,0,15.937003,13.165822982788086,-12.241805,-5.452047348022461,3.258096538021482,5,2,0,1,0,3,5,1,1,0,-2.7711801528930664
447,train-7573,كمان,EGY,0,1.5404826,13.32133674621582,4.6694865,5.3876166343688965,3.6888794541139363,4,1,0,0,19,0,46,1,1,0,11.780854105949402
448,train-7581,كده,EGY,0,14.95894,12.72364616394043,-17.513346,-11.515800476074219,4.5217885770490405,3,2,1,0,0,6,11,1,1,0,-2.235293388366699
449,train-7581,ايه,EGY,0,10.723174,10.612081527709961,-6.1528406,-9.46273422241211,4.605170185988092,3,2,1,0,11,7,42,1,1,0,-0.11109256744384766
450,train-7710,اللي,EGY,0,7.6069117,12.049089431762695,-3.7941537,-1.1930103302001953,6.480044561926653,4,1,1,0,5,0,13,1,1,0,4.442177772521973
451,train-7710,بيها,EGY,0,12.802252,16.68561553955078,-14.10559,-2.261993885040283,2.833213344056216,4,1,0,1,5,2,17,1,1,0,3.883363723754883
452,train-7732,بكره,EGY,0,3.93645,6.405046463012695,1.6918207,3.00227952003479,2.70805020110221,4,2,0,0,14,4,43,1,1,0,2.4685964584350586
453,train-7736,اللى,EGY,0,7.8393316,6.745855808258057,-1.3727294,1.0541305541992188,4.343805421853684,4,2,0,0,12,5,32,1,1,0,-1.0934758186340332
454,train-7744,اللى,EGY,0,10.988231,6.8378729820251465,-0.81888354,-1.451017141342163,4.343805421853684,4,2,0,0,14,3,29,1,1,0,-4.150357723236084
455,train-7744,محدش,EGY,0,14.245179,12.223566055297852,-10.988231,-1.451017141342163,2.5649493574615367,4,3,0,1,14,4,31,1,1,0,-2.021613121032715
456,train-7755,لازم,EGY,0,13.906022,12.523204803466797,-6.41336,2.202515125274658,4.110873864173311,4,1,0,0,0,2,3,1,1,0,-1.382817268371582
457,train-7755,علشان,EGY,0,20.132252,20.443599700927734,-19.6733,-11.276982307434082,3.091042453358316,5,1,1,0,0,6,8,1,1,0,0.31134796142578125
458,train-7756,محدش,EGY,0,11.740166,12.134509086608887,5.323643,4.986073017120361,2.5649493574615367,4,3,0,1,7,0,12,1,1,0,0.39434337615966797
459,train-7761,اللى,EGY,0,7.8393316,11.012433052062988,-1.3727294,1.0541305541992188,4.343805421853684,4,2,0,0,12,5,32,1,1,0,3.1731014251708984
460,train-7762,اللى,EGY,0,7.8393316,9.783061027526855,-1.3727294,0.9316096901893616,4.343805421853684,4,2,0,0,13,5,32,1,1,0,1.9437294006347656
461,train-7766,إحنا,EGY,0,14.575197,12.821250915527344,0.017515063,10.294214248657227,3.091042453358316,4,3,1,0,5,1,28,1,1,0,-1.753946304321289
462,train-7766,كمان,EGY,0,14.403844,10.80843734741211,-14.575197,8.581430435180664,3.6888794541139363,4,1,0,0,5,2,31,1,1,0,-3.5954065322875977
463,train-7767,إحنا,EGY,0,14.575197,14.619548797607422,0.017515063,10.294214248657227,3.091042453358316,4,3,1,0,5,1,28,1,1,0,0.04435157775878906
464,train-7767,كمان,EGY,0,14.403844,11.773944854736328,-14.575197,8.581430435180664,3.6888794541139363,4,1,0,0,5,2,31,1,1,0,-2.629899024963379
465,train-7935,مش,EGY,0,8.279823,9.569497108459473,5.839611,3.3349850177764893,6.052089168924417,2,1,1,0,10,0,35,1,1,0,1.2896738052368164
466,train-7936,اللى,EGY,0,5.243534,9.6069917678833,4.962375,-2.5163793563842773,4.343805421853684,4,2,0,0,2,0,3,1,1,0,4.363457679748535
467,train-7974,ولاد,EGY,0,3.5918078,7.008848667144775,-8.54349,5.488325595855713,2.4849066497880004,4,2,0,0,9,3,27,1,1,0,3.4170408248901367
468,train-7996,إحنا,EGY,0,12.374226,16.0949649810791,-7.893055,4.192100524902344,3.091042453358316,4,3,1,0,14,3,34,1,1,0,3.7207393646240234
469,train-7996,معندناش,EGY,0,8.193455,9.24599838256836,-12.374226,3.4812090396881104,1.791759469228055,7,4,0,1,14,4,37,1,1,0,1.0525436401367188
470,train-8019,ده,EGY,0,6.536072,12.977983474731445,10.56966,4.154422283172607,5.58724865840025,2,1,1,0,15,0,23,1,1,0,6.441911697387695
471,train-8019,عايزين,EGY,0,7.7448444,10.432380676269531,-3.822802,3.887218952178955,3.367295829986474,6,4,0,0,15,1,25,1,1,0,2.6875362396240234
472,train-8078,اتنين,EGY,0,6.3659735,9.967705726623535,3.0622225,-1.2432085275650024,2.1972245773362196,5,2,0,0,7,0,21,1,1,0,3.6017322540283203
473,train-8083,بلاش,EGY,0,8.638308,11.43943977355957,2.570545,2.8695013523101807,2.9444389791664403,4,2,0,1,19,0,31,1,1,0,2.8011322021484375
474,train-8086,منين,EGY,0,17.891312,12.951141357421875,2.828588,1.639746069908142,1.9459101490553132,4,2,0,0,24,1,42,1,1,0,-4.9401702880859375
475,train-8109,إحنا,EGY,0,13.089059,15.048492431640625,2.6106153,1.5754313468933105,3.091042453358316,4,3,1,0,7,0,21,1,1,0,1.9594335556030273
476,train-8109,برضة,EGY,0,15.401364,15.94128704071045,-13.089059,1.723314881324768,2.833213344056216,4,2,0,0,7,1,24,1,1,0,0.5399227142333984
477,train-8127,برضة,EGY,0,15.015951,20.359638214111328,-6.8682218,0.8806484937667847,2.833213344056216,4,2,0,0,11,3,34,1,1,0,5.343687057495117
478,train-8134,إحنا,EGY,0,16.595863,13.39051628112793,0.39550722,-0.14521107077598572,3.091042453358316,4,3,1,0,11,0,24,1,1,0,-3.2053470611572266
479,train-8148,اللي,EGY,0,10.529398,10.477343559265137,-3.7430406,-3.7120442390441895,6.480044561926653,4,1,1,0,7,1,17,1,1,0,-0.052054405212402344
480,train-8151,اللي,EGY,0,10.658178,10.440849304199219,-0.8250154,-2.1088929176330566,6.480044561926653,4,1,1,0,9,5,35,1,1,0,-0.2173290252685547
481,train-8156,لحد,EGY,0,-2.1660771,9.747241973876953,7.634671,4.160590171813965,3.332204510175204,3,2,0,0,14,1,38,1,1,1,11.913319110870361
482,train-8164,بتاع,EGY,0,5.4811287,10.122533798217773,3.1359167,-2.6648318767547607,2.9444389791664403,4,2,1,1,9,4,22,1,1,0,4.64140510559082
483,train-8165,إحنا,EGY,0,15.611932,12.8373384475708,-13.222354,-3.261272668838501,3.091042453358316,4,3,1,0,12,8,48,1,1,0,-2.7745933532714844
484,train-8190,دا,EGY,0,2.0118499,12.386497497558594,4.7391324,3.1889216899871826,2.1972245773362196,2,1,1,0,7,0,22,1,1,0,10.374647617340088
485,train-8192,ماحدش,EGY,0,11.488547,14.883661270141602,0.5327138,-1.5646599531173706,3.091042453358316,5,3,0,1,5,0,14,1,1,0,3.395113945007324
486,train-8230,كده,EGY,0,12.293967,14.738590240478516,5.843534,3.6368210315704346,4.5217885770490405,3,2,1,0,13,0,22,1,1,0,2.4446229934692383
487,train-8279,كمان,EGY,0,8.588069,18.438566207885742,-7.6342773,-0.6154575943946838,3.6888794541139363,4,1,0,0,6,2,34,1,1,0,9.850497245788574
488,train-8282,ماحدش,EGY,0,11.225017,15.269588470458984,1.8291373,4.0780253410339355,3.091042453358316,5,3,0,1,14,0,30,1,1,0,4.044571876525879
489,train-8282,باتكلم,EGY,0,7.6261463,9.67375373840332,-7.861947,0.9568278789520264,1.9459101490553132,6,3,0,1,14,4,42,1,1,0,2.047607421875
490,train-8282,جد,EGY,0,12.786261,14.007806777954102,-7.6261463,0.9568278789520264,2.1972245773362196,2,1,0,0,14,5,45,1,1,0,1.2215461730957031
491,train-8302,عايزين,EGY,0,10.627639,7.92714786529541,1.2229733,4.491317272186279,3.367295829986474,6,4,0,0,13,0,29,1,1,0,-2.700490951538086
492,train-8302,معاهم,EGY,0,12.462714,12.480036735534668,-15.953277,0.5938273072242737,2.70805020110221,5,2,0,0,13,5,41,1,1,0,0.017322540283203125
493,train-8303,اللي,EGY,0,11.027502,13.066519737243652,-2.724965,,6.480044561926653,4,1,1,0,0,0,6,1,1,0,2.039017677307129
494,train-8305,اللي,EGY,0,10.694161,13.08697509765625,-5.818108,,6.480044561926653,4,1,1,0,0,1,3,1,1,0,2.3928136825561523
495,train-8305,فاتت,EGY,0,10.07796,12.050312042236328,-10.659675,-5.909226417541504,2.995732273553991,4,3,0,0,0,2,4,1,1,0,1.9723520278930664
496,train-8344,اللي,EGY,0,14.71243,8.885133743286133,3.5695958,0.4062170088291168,6.480044561926653,4,1,1,0,6,0,21,1,1,0,-5.827296257019043
497,train-8360,دي,EGY,0,11.194232,11.57991886138916,-12.7251215,-1.7773091793060303,5.056245805348308,2,1,1,0,12,4,39,1,1,0,0.38568687438964844
498,validation-73,لازم,EGY,0,8.444326,11.712278366088867,10.969653,6.611672878265381,4.110873864173311,4,1,0,0,12,0,25,1,1,0,3.2679519653320312
499,validation-73,عشان,EGY,0,11.640648,16.471101760864258,-11.365871,1.6603018045425415,5.043425116919247,4,2,1,0,12,7,38,1,1,0,4.830453872680664
500,validation-75,دي,EGY,0,2.107758,11.179368019104004,13.913434,11.341021537780762,5.056245805348308,2,1,1,0,20,0,37,1,1,0,9.07160997390747
501,validation-76,يبقى,EGY,0,14.211205,12.883159637451172,-13.446508,-14.487479209899902,4.007333185232471,4,2,0,0,0,10,17,1,0,0,-1.3280448913574219
502,validation-81,دي,EGY,0,3.4340763,8.565286636352539,-8.222236,-3.458872079849243,5.056245805348308,2,1,1,0,11,1,27,1,1,0,5.1312103271484375
503,validation-93,مش,EGY,0,7.7291355,11.098038673400879,-4.91475,3.8222239017486572,6.052089168924417,2,1,1,0,20,3,47,1,1,0,3.368903160095215
504,validation-98,إحنا,EGY,0,17.135736,16.82894515991211,-4.203017,-1.7988462448120117,3.091042453358316,4,3,1,0,0,2,4,1,1,0,-0.3067913055419922
505,validation-98,مش,EGY,0,16.399612,12.126720428466797,-19.40012,-6.862642765045166,6.052089168924417,2,1,1,0,0,4,11,1,1,0,-4.272891998291016
506,validation-98,عارفين,EGY,0,10.912993,14.768789291381836,-16.399612,-9.9970121383667,3.332204510175204,6,3,0,0,0,5,12,1,1,0,3.8557958602905273
507,validation-98,دي,EGY,0,14.837256,12.830503463745117,-11.528862,-13.560134887695312,5.056245805348308,2,1,1,0,0,9,23,1,1,0,-2.0067529678344727
508,validation-102,ياريت,EGY,0,11.117461,15.206586837768555,-10.905669,-4.545803070068359,2.8903717578961645,5,3,1,0,0,2,5,1,1,0,4.089125633239746
509,validation-106,دي,EGY,0,9.706521,13.221817016601562,-4.129985,4.965613842010498,5.056245805348308,2,1,1,0,12,1,43,1,1,0,3.51529598236084
510,validation-120,اللي,EGY,0,9.9947,9.109443664550781,4.267399,2.6697745323181152,6.480044561926653,4,1,1,0,0,2,6,1,1,0,-0.8852567672729492
511,validation-127,إيه,EGY,0,14.30763,11.571405410766602,-10.76221,9.377777099609375,3.8918202981106265,3,2,1,0,19,1,43,1,1,0,-2.7362241744995117
512,validation-154,ده,EGY,0,7.5328865,10.214466094970703,11.38437,2.3847403526306152,5.58724865840025,2,1,1,0,10,0,38,1,1,0,2.68157958984375
513,validation-157,اللي,EGY,0,11.358712,4.145942687988281,4.5552993,1.9257100820541382,6.480044561926653,4,1,1,0,10,0,26,1,1,0,-7.212769508361816
514,validation-157,اللي,EGY,0,8.408068,10.91936206817627,-9.146261,-2.589134693145752,6.480044561926653,4,1,1,0,10,6,44,1,1,0,2.511294364929199
515,validation-173,اللي,EGY,0,14.999333,11.737015724182129,-19.774208,-7.635002136230469,6.480044561926653,4,1,1,0,5,0,9,1,1,0,-3.262317657470703
516,validation-187,وده,EGY,0,5.127733,14.46397590637207,3.1840334,4.507383823394775,2.3978952727983707,3,2,1,0,15,0,40,1,1,0,9.33624267578125
517,validation-187,بيحصل,EGY,0,14.088283,17.898305892944336,-5.127733,4.41916036605835,2.772588722239781,5,3,0,1,15,1,42,1,1,0,3.810023307800293
518,validation-191,مفيش,EGY,0,13.050853,15.777429580688477,-0.21808231,-0.5895704627037048,3.2188758248682006,4,3,0,1,14,3,44,1,1,0,2.726576805114746
519,validation-193,مش,EGY,0,11.530786,14.623685836791992,2.281613,4.898358345031738,6.052089168924417,2,1,1,0,0,1,10,1,1,0,3.092900276184082
520,validation-226,اللي,EGY,0,12.892263,10.754280090332031,-6.0545697,-4.458414077758789,6.480044561926653,4,1,1,0,11,0,28,1,1,0,-2.1379833221435547
521,validation-249,اللي,EGY,0,6.0289707,11.236541748046875,4.283167,0.045239582657814026,6.480044561926653,4,1,1,0,12,0,34,1,1,0,5.207571029663086
522,validation-249,كده,EGY,0,14.352622,11.452455520629883,-10.982227,-0.42200738191604614,4.5217885770490405,3,2,1,0,12,2,36,1,1,0,-2.9001665115356445
523,validation-254,مفيش,EGY,0,6.5560074,11.983052253723145,0.16508591,0.28733962774276733,3.2188758248682006,4,3,0,1,19,0,37,1,1,0,5.427044868469238
524,validation-368,الجدعان,EGY,0,-7.5133567,9.754521369934082,7.067783,6.035982131958008,2.1972245773362196,7,3,0,0,20,0,45,1,1,1,17.26787805557251
525,validation-957,مدد,EGY,0,1.1234175,6.691082000732422,-2.8708725,-1.0129451751708984,2.1972245773362196,3,2,0,0,0,4,14,1,1,0,5.5676645040512085
526,validation-957,مدد,EGY,0,1.4791018,6.191503524780273,-1.1234175,-1.0129451751708984,2.1972245773362196,3,2,0,0,0,5,16,1,1,0,4.712401747703552
527,validation-1022,تاني,EGY,0,13.010196,10.371222496032715,-9.548374,-1.164414644241333,3.58351893845611,4,2,0,0,12,2,29,1,1,0,-2.6389732360839844
528,validation-1024,اللي,EGY,0,10.825457,12.212398529052734,-10.485635,-0.9471414089202881,6.480044561926653,4,1,1,0,3,0,4,1,1,0,1.386941909790039
529,validation-1024,شايفة,EGY,0,19.525185,19.487546920776367,-10.825457,-4.126638889312744,2.1972245773362196,5,2,0,0,3,1,5,1,1,0,-0.03763771057128906
530,validation-1024,ده,EGY,0,-0.6722437,11.143412590026855,4.8356495,-4.365274429321289,5.58724865840025,2,1,1,0,16,7,41,1,1,1,11.815656304359436
531,validation-1030,اللي,EGY,0,8.93279,11.321250915527344,1.9492542,1.7223137617111206,6.480044561926653,4,1,1,0,20,3,45,1,1,0,2.388461112976074
532,validation-1035,فين,EGY,0,11.113252,8.415361404418945,-3.8580084,4.480556011199951,3.9889840465642745,3,2,1,0,12,1,42,1,1,0,-2.697890281677246
533,validation-1071,بس,EGY,0,8.207459,14.809152603149414,2.289448,2.1419034004211426,5.204006687076795,2,1,1,0,5,0,20,1,1,0,6.601693153381348
