model,outcome,coef_is_MSA,ci_lo,ci_hi,p,avg_marginal_effect_is_MSA,n,coef_lex_own_z,coef_is_function,coef_host_mean_z,coef_host_last_z
M0 variety only,flip,3.4989615504280485,2.642991348528524,4.354931752327573,1.1306677379570008e-15,0.4518462124095927,506,,,,
M0 variety only,nat_own,-10.292695005074869,-11.403206343299942,-9.182183666849795,9.631743014398948e-74,-10.292695005074869,506,,,,
M1 + lexical strength,flip,3.4136871611454134,2.4323471560333365,4.39502716625749,9.236396218601327e-12,0.44114351009044045,506,-0.060362081647292766,,,
M1 + lexical strength,nat_own,-8.663164448549356,-10.21959877357594,-7.106730123522771,1.0414178186791058e-27,-8.663164448549356,506,1.1456888676758612,,,
M2 + word covariates,flip,3.251792631709708,2.224528781080708,4.279056482338708,5.49601652499047e-10,0.4112810879223773,506,-0.1741330891987234,-0.09381770442918547,,
M2 + word covariates,nat_own,-8.17280434764316,-9.808393391952853,-6.537215303333467,1.198769073409149e-22,-8.17280434764316,506,1.3809538307645057,0.7400285869051024,,
M3 + host (mean of other words),flip,1.9022667844771053,0.869882693595289,2.9346508753589218,0.0003045229400242969,0.22462207566896086,506,-0.4215967910813579,-0.15060262700577098,1.4167889756917904,
M3 + host (mean of other words),nat_own,-4.567679139431113,-6.22143815111926,-2.9139201277429656,6.183337589704334e-08,-4.567679139431113,506,1.7621259137371432,0.7446428415203139,-3.128762027345229,
M4 + host (last word),flip,2.336814168561558,1.2701364154645471,3.403491921658569,1.7566247118126185e-05,0.2562072620613016,506,-0.3411333747041132,-0.2627185401142845,,1.5701901707882584
M4 + host (last word),nat_own,-4.367832301769632,-5.8436531018369395,-2.892011501702325,6.603857943277055e-09,-4.367832301769632,506,1.427419218075467,1.0400979991605288,,-3.6008917149757838
M5 + both hosts,flip,1.6338646171679883,0.561706857109842,2.7060223772261347,0.0028191837988625697,0.17775044617603228,506,-0.4509395484658149,-0.27915550379709814,0.9294755993169715,1.1549137759953458
M5 + both hosts,nat_own,-3.3819838504851183,-4.8304538131630075,-1.9335138878072295,4.73375626757741e-06,-3.3819838504851183,506,1.5987702997927806,0.9856802744920776,-1.4784337954837399,-2.9217034517632667
