lex_own,own,n,flip,pull
"(-5.929, 3.219]",EGY,3,0.6666666666666666,1.651724398136139
"(-5.929, 3.219]",MSA,104,0.47115384615384615,0.408586153617272
"(3.219, 6.296]",EGY,8,0.125,-0.42914026975631714
"(3.219, 6.296]",MSA,99,0.45454545454545453,4.341098554206617
"(6.296, 8.756]",EGY,47,0.02127659574468085,-1.0430016923458019
"(6.296, 8.756]",MSA,59,0.4576271186440678,6.6885173765279475
"(8.756, 11.329]",EGY,79,0.02531645569620253,1.8964562431166443
"(8.756, 11.329]",MSA,28,0.42857142857142855,8.7603458826031
"(11.329, 17.763]",EGY,96,0.010416666666666666,2.900888384630283
"(11.329, 17.763]",MSA,11,0.5454545454545454,13.248615568334406
