layer,role,n,p_own_mono_probe,p_own_local_probe,acc_local_probe
0,matrix,7212,0.5770457983016968,0.5761293172836304,0.6132834165280089
0,embedded,2014,0.5655428767204285,0.569495439529419,0.6002979145978153
1,matrix,7212,0.6703702807426453,0.6627854704856873,0.7018857459789241
1,embedded,2014,0.5708401203155518,0.5932220816612244,0.6077457795431976
2,matrix,7212,0.7245162725448608,0.7173821330070496,0.7542983915696062
2,embedded,2014,0.5438446998596191,0.5745859146118164,0.5858987090367428
3,matrix,7212,0.747115969657898,0.7359205484390259,0.7727398779811425
3,embedded,2014,0.535123884677887,0.5752971172332764,0.5839126117179742
4,matrix,7212,0.76449054479599,0.7483065724372864,0.778702163061564
4,embedded,2014,0.5259963274002075,0.5755627155303955,0.5868917576961271
5,matrix,7212,0.772178590297699,0.7518587708473206,0.7785635052689961
5,embedded,2014,0.5197453498840332,0.5724239945411682,0.5774577954319762
6,matrix,7212,0.773317813873291,0.7585309147834778,0.7896561286744315
6,embedded,2014,0.5276560187339783,0.5884321331977844,0.5913604766633564
7,matrix,7212,0.7624918222427368,0.755305826663971,0.7825845812534664
7,embedded,2014,0.5625724792480469,0.6015531420707703,0.6186693147964251
8,matrix,7212,0.7646672129631042,0.7577381730079651,0.7834165280088741
8,embedded,2014,0.5734114646911621,0.6100533604621887,0.6226415094339622
9,matrix,7212,0.7723855972290039,0.7568474411964417,0.778702163061564
9,embedded,2014,0.5701428651809692,0.617625892162323,0.6216484607745779
10,matrix,7212,0.7754992246627808,0.7623536586761475,0.7866056572379367
10,embedded,2014,0.5865309834480286,0.6140598654747009,0.6246276067527309
11,matrix,7212,0.7835142016410828,0.7746080756187439,0.7957570715474209
11,embedded,2014,0.5815805792808533,0.617719292640686,0.6241310824230387
12,matrix,7212,0.791000247001648,0.7759904861450195,0.7945091514143094
12,embedded,2014,0.5685785412788391,0.6037023067474365,0.6127110228401191
13,matrix,7212,0.7827755808830261,0.7675472497940063,0.7870216306156406
13,embedded,2014,0.5505788326263428,0.6032988429069519,0.6092353525322741
14,matrix,7212,0.7844647169113159,0.769119143486023,0.7863283416528009
14,embedded,2014,0.5595386028289795,0.6060497760772705,0.6176762661370407
15,matrix,7212,0.7851395010948181,0.7724552750587463,0.7889628397115918
15,embedded,2014,0.558883547782898,0.607286274433136,0.6072492552135055
16,matrix,7212,0.7876957058906555,0.7763265371322632,0.793261231281198
16,embedded,2014,0.5565192103385925,0.6080183982849121,0.6132075471698113
17,matrix,7212,0.7852256894111633,0.7780607342720032,0.7949251247920133
17,embedded,2014,0.5452623963356018,0.5996171832084656,0.6047666335650447
18,matrix,7212,0.7913992404937744,0.7860484719276428,0.8043538546866333
18,embedded,2014,0.5469479560852051,0.6030732989311218,0.6047666335650447
19,matrix,7212,0.789747416973114,0.7849883437156677,0.7999168053244592
19,embedded,2014,0.5534301996231079,0.6019901633262634,0.6107249255213505
20,matrix,7212,0.7964169979095459,0.7844269275665283,0.7992235163616195
20,embedded,2014,0.5550166964530945,0.5922056436538696,0.5958291956305859
21,matrix,7212,0.7972843647003174,0.7820319533348083,0.7960343871325568
21,embedded,2014,0.5568811297416687,0.5910822749137878,0.5978152929493545
22,matrix,7212,0.7947003245353699,0.7829058766365051,0.8011647254575707
22,embedded,2014,0.5615677833557129,0.5972064137458801,0.605759682224429
23,matrix,7212,0.8025717735290527,0.7862482070922852,0.800471436494731
23,embedded,2014,0.5660386681556702,0.6048445701599121,0.6146971201588878
24,matrix,7212,0.8036993741989136,0.7866109609603882,0.8022739877981142
24,embedded,2014,0.5683415532112122,0.6027235984802246,0.6171797418073486
25,matrix,7212,0.8020990490913391,0.7883907556533813,0.8061564059900166
25,embedded,2014,0.5538211464881897,0.6131930947303772,0.6231380337636544
26,matrix,7212,0.7994757890701294,0.7872335910797119,0.8039378813089295
26,embedded,2014,0.5644342303276062,0.6122480034828186,0.6186693147964251
27,matrix,7212,0.8032932281494141,0.7873162627220154,0.8068496949528563
27,embedded,2014,0.5638402104377747,0.6034378409385681,0.6102284011916584
28,matrix,7212,0.8046413660049438,0.7860799431800842,0.807681641708264
28,embedded,2014,0.5644221901893616,0.6065574884414673,0.6181727904667329
29,matrix,7212,0.8070789575576782,0.7850654125213623,0.8031059345535219
29,embedded,2014,0.5613054633140564,0.6073965430259705,0.6176762661370407
30,matrix,7212,0.8057965636253357,0.7877376079559326,0.8086522462562395
30,embedded,2014,0.5584307909011841,0.6074405312538147,0.6231380337636544
31,matrix,7212,0.8089972734451294,0.7833681702613831,0.8035219079312257
31,embedded,2014,0.5455961227416992,0.6044885516166687,0.6142005958291956
32,matrix,7212,0.8057469129562378,0.7855997681617737,0.8043538546866333
32,embedded,2014,0.5477854609489441,0.5995374321937561,0.6132075471698113
33,matrix,7212,0.8082053065299988,0.787413477897644,0.8069883527454242
33,embedded,2014,0.540569007396698,0.5950696468353271,0.6067527308838133
34,matrix,7212,0.8074175715446472,0.7845414876937866,0.8036605657237936
34,embedded,2014,0.5410351157188416,0.5898348093032837,0.6002979145978153
35,matrix,7212,0.8049864768981934,0.7847181558609009,0.8014420410427066
35,embedded,2014,0.5432623624801636,0.5934247374534607,0.6017874875868917
36,matrix,7212,0.8066789507865906,0.7822560667991638,0.8014420410427066
36,embedded,2014,0.5396677255630493,0.5955755710601807,0.599304865938431
