condition,types,layer,n,effect,ci_lo,ci_hi
MSA embedded in EGY,all,0,1109,-0.008109327405691147,-0.013451070141462403,-0.0030685074129416607
MSA embedded in EGY,unambiguous,0,332,-0.012485025450587273,-0.022470687233557583,-0.0036127146012882127
MSA embedded in EGY,all,1,1109,-0.14729472994804382,-0.16886177319030868,-0.126990367585524
MSA embedded in EGY,unambiguous,1,332,-0.08553912490606308,-0.1150920432882187,-0.05835949891876626
MSA embedded in EGY,all,2,1109,-0.2601650357246399,-0.291491075777969,-0.23122090046768226
MSA embedded in EGY,unambiguous,2,332,-0.17744062840938568,-0.2150883131360278,-0.1415376334159382
MSA embedded in EGY,all,3,1109,-0.32025986909866333,-0.3549543334884942,-0.2854485269642918
MSA embedded in EGY,unambiguous,3,332,-0.23770421743392944,-0.28510954403184996,-0.1909875235267497
MSA embedded in EGY,all,4,1109,-0.3588491678237915,-0.3949139978699075,-0.3218200236622894
MSA embedded in EGY,unambiguous,4,332,-0.2680644094944,-0.31670158107071433,-0.21934090778611637
MSA embedded in EGY,all,5,1109,-0.3983873426914215,-0.43629268595699067,-0.35962899205091736
MSA embedded in EGY,unambiguous,5,332,-0.3394583463668823,-0.39440770052995755,-0.28512646653051366
MSA embedded in EGY,all,6,1109,-0.37294989824295044,-0.41115027470063875,-0.3355160642199016
MSA embedded in EGY,unambiguous,6,332,-0.3228415846824646,-0.37705003958969685,-0.2683700841548249
MSA embedded in EGY,all,7,1109,-0.3514799475669861,-0.3875378464190958,-0.31588112141992136
MSA embedded in EGY,unambiguous,7,332,-0.30099764466285706,-0.3526740745048391,-0.24895126863040948
MSA embedded in EGY,all,8,1109,-0.34381499886512756,-0.3784771059479898,-0.30815424534680064
MSA embedded in EGY,unambiguous,8,332,-0.2795828878879547,-0.33027086766654096,-0.2321424276574155
MSA embedded in EGY,all,9,1109,-0.35261642932891846,-0.38828046270008604,-0.3168168125904663
MSA embedded in EGY,unambiguous,9,332,-0.3058069050312042,-0.35806548085574214,-0.25575880467791523
MSA embedded in EGY,all,10,1109,-0.35097140073776245,-0.38722951862354016,-0.31297093997292574
MSA embedded in EGY,unambiguous,10,332,-0.29938414692878723,-0.34840974183749207,-0.2481103801973162
MSA embedded in EGY,all,11,1109,-0.38124603033065796,-0.4176199402027154,-0.34237812988430383
MSA embedded in EGY,unambiguous,11,332,-0.3329324722290039,-0.3863205989149492,-0.2796466367698851
MSA embedded in EGY,all,12,1109,-0.38347116112709045,-0.4198918514019886,-0.345882929632806
MSA embedded in EGY,unambiguous,12,332,-0.3326370418071747,-0.38141018233055335,-0.28326291456807834
MSA embedded in EGY,all,13,1109,-0.40231746435165405,-0.43912283791210904,-0.3636372661879968
MSA embedded in EGY,unambiguous,13,332,-0.34711769223213196,-0.3992255335279825,-0.2948627724286613
MSA embedded in EGY,all,14,1109,-0.40600723028182983,-0.4414444066900273,-0.37024548346670955
MSA embedded in EGY,unambiguous,14,332,-0.3646002411842346,-0.4149748322418967,-0.3135917395633233
MSA embedded in EGY,all,15,1109,-0.40208929777145386,-0.4375897926813025,-0.36640318000280797
MSA embedded in EGY,unambiguous,15,332,-0.3441893756389618,-0.3961807680833958,-0.29243298225223746
MSA embedded in EGY,all,16,1109,-0.40292054414749146,-0.43921194677094444,-0.367532279503991
MSA embedded in EGY,unambiguous,16,332,-0.35598790645599365,-0.4083959427668031,-0.30313695051898276
MSA embedded in EGY,all,17,1109,-0.4208831489086151,-0.45655269096268153,-0.3850155001671527
MSA embedded in EGY,unambiguous,17,332,-0.3753630518913269,-0.4270848935605502,-0.3247455336939834
MSA embedded in EGY,all,18,1109,-0.4164561927318573,-0.4547154073704838,-0.37838166497393083
MSA embedded in EGY,unambiguous,18,332,-0.38180917501449585,-0.43411971158944035,-0.3302636764942799
MSA embedded in EGY,all,19,1109,-0.3997698128223419,-0.43731655315589574,-0.3617855923752303
MSA embedded in EGY,unambiguous,19,332,-0.35145682096481323,-0.40483769580110923,-0.3008986930258176
MSA embedded in EGY,all,20,1109,-0.41174960136413574,-0.45078030507761896,-0.37398959848724284
MSA embedded in EGY,unambiguous,20,332,-0.3776897192001343,-0.4330491417071649,-0.3226693566956816
MSA embedded in EGY,all,21,1109,-0.40200892090797424,-0.43923880314728153,-0.3644055740072595
MSA embedded in EGY,unambiguous,21,332,-0.3633617162704468,-0.41853334101255135,-0.3106544289408912
MSA embedded in EGY,all,22,1109,-0.40606600046157837,-0.4448345353790324,-0.3697315781193916
MSA embedded in EGY,unambiguous,22,332,-0.3415592610836029,-0.39662265784606515,-0.28851750027354556
MSA embedded in EGY,all,23,1109,-0.42035114765167236,-0.4593266985263663,-0.3815109804476958
MSA embedded in EGY,unambiguous,23,332,-0.3936839699745178,-0.44972974574317537,-0.3410335166637859
MSA embedded in EGY,all,24,1109,-0.40564125776290894,-0.44579062340770764,-0.366511146683493
MSA embedded in EGY,unambiguous,24,332,-0.3449230194091797,-0.39959711012868,-0.29229027489344106
MSA embedded in EGY,all,25,1109,-0.42553767561912537,-0.4636480284698885,-0.38519294243344643
MSA embedded in EGY,unambiguous,25,332,-0.38863107562065125,-0.4440356407210884,-0.3353572909083179
MSA embedded in EGY,all,26,1109,-0.40674832463264465,-0.44534077171646774,-0.36813351182321447
MSA embedded in EGY,unambiguous,26,332,-0.36706557869911194,-0.4237665093712486,-0.31312894776774114
MSA embedded in EGY,all,27,1109,-0.4077150523662567,-0.44542864456477715,-0.36825101368019586
MSA embedded in EGY,unambiguous,27,332,-0.36759787797927856,-0.4210519330741891,-0.3135112730156192
MSA embedded in EGY,all,28,1109,-0.41150563955307007,-0.45000771905677844,-0.3725786693090246
MSA embedded in EGY,unambiguous,28,332,-0.3618438243865967,-0.4181834210181138,-0.3100207099972164
MSA embedded in EGY,all,29,1109,-0.41555148363113403,-0.45328517142123026,-0.3762767368794645
MSA embedded in EGY,unambiguous,29,332,-0.3522963225841522,-0.40499662614528886,-0.2993750100816214
MSA embedded in EGY,all,30,1109,-0.41529202461242676,-0.4533632482405456,-0.3765971109284279
MSA embedded in EGY,unambiguous,30,332,-0.35218432545661926,-0.40559628229072875,-0.29980078775964286
MSA embedded in EGY,all,31,1109,-0.43773990869522095,-0.47633564825518787,-0.39756002201590834
MSA embedded in EGY,unambiguous,31,332,-0.40145477652549744,-0.45876932354862576,-0.3450975377616268
MSA embedded in EGY,all,32,1109,-0.4316340982913971,-0.4700208102366375,-0.3906035612937424
MSA embedded in EGY,unambiguous,32,332,-0.4006877541542053,-0.45889152200322536,-0.3441877980854915
MSA embedded in EGY,all,33,1109,-0.43383026123046875,-0.47142627303805307,-0.39312789524540054
MSA embedded in EGY,unambiguous,33,332,-0.40628185868263245,-0.46443428202597276,-0.3515925342587786
MSA embedded in EGY,all,34,1109,-0.43806129693984985,-0.4773601161120243,-0.39791329674012405
MSA embedded in EGY,unambiguous,34,332,-0.41301441192626953,-0.47222950252611595,-0.3590445177567304
MSA embedded in EGY,all,35,1109,-0.4327543079853058,-0.47039015766944464,-0.3916656731543473
MSA embedded in EGY,unambiguous,35,332,-0.41327929496765137,-0.4697932459685759,-0.35851553692145616
MSA embedded in EGY,all,36,1109,-0.4401307702064514,-0.48026627912423997,-0.3992260306601984
MSA embedded in EGY,unambiguous,36,332,-0.420978307723999,-0.4800320820737486,-0.36427597538385104
EGY embedded in MSA,all,0,1251,-0.004564268514513969,-0.007735833116391398,-0.0017818010185541094
EGY embedded in MSA,unambiguous,0,366,-0.0008143230807036161,-0.005159430212941001,0.0024751199624967308
EGY embedded in MSA,all,1,1251,-0.11119108647108078,-0.12879298544382525,-0.09346423304513791
EGY embedded in MSA,unambiguous,1,366,-0.04512336477637291,-0.06417361980461632,-0.027367158696179564
EGY embedded in MSA,all,2,1251,-0.18835969269275665,-0.21178650776055064,-0.16478456565102367
EGY embedded in MSA,unambiguous,2,366,-0.1048528328537941,-0.1338693029014083,-0.07616272575416229
EGY embedded in MSA,all,3,1251,-0.2161218225955963,-0.24335174920015346,-0.18981032756224195
EGY embedded in MSA,unambiguous,3,366,-0.12135330587625504,-0.15192964759642857,-0.09160111393922106
EGY embedded in MSA,all,4,1251,-0.24661481380462646,-0.2788711439789085,-0.2169400184467946
EGY embedded in MSA,unambiguous,4,366,-0.13680584728717804,-0.1702911924717372,-0.10367527674069071
EGY embedded in MSA,all,5,1251,-0.25366589426994324,-0.28705492910457675,-0.22225604017228742
EGY embedded in MSA,unambiguous,5,366,-0.12346473336219788,-0.15634339496351093,-0.09464611334467075
EGY embedded in MSA,all,6,1251,-0.24798069894313812,-0.278982372917229,-0.21754144473812242
EGY embedded in MSA,unambiguous,6,366,-0.10767654329538345,-0.13841513567533192,-0.08050710615531875
EGY embedded in MSA,all,7,1251,-0.21745486557483673,-0.24790235658996507,-0.1886462811920656
EGY embedded in MSA,unambiguous,7,366,-0.1014120802283287,-0.1301164100956346,-0.07419419640359916
EGY embedded in MSA,all,8,1251,-0.20607011020183563,-0.23528897061004891,-0.17942361342450275
EGY embedded in MSA,unambiguous,8,366,-0.0952826514840126,-0.12506017398516692,-0.06810739038049678
EGY embedded in MSA,all,9,1251,-0.21282793581485748,-0.23963399421650144,-0.18724267931253713
EGY embedded in MSA,unambiguous,9,366,-0.0976816788315773,-0.127610331433588,-0.06957895339202493
EGY embedded in MSA,all,10,1251,-0.20856650173664093,-0.2363358929288395,-0.1819621819700254
EGY embedded in MSA,unambiguous,10,366,-0.09563581645488739,-0.12423639309387324,-0.06943492276334745
EGY embedded in MSA,all,11,1251,-0.2213972955942154,-0.251857468486076,-0.19428297321293536
EGY embedded in MSA,unambiguous,11,366,-0.09046579897403717,-0.11983172043017318,-0.06249161256449166
EGY embedded in MSA,all,12,1251,-0.2270970642566681,-0.258053433528451,-0.19930630363972043
EGY embedded in MSA,unambiguous,12,366,-0.08660004287958145,-0.11631683372112024,-0.059779277342586035
EGY embedded in MSA,all,13,1251,-0.23872710764408112,-0.26982335141602215,-0.20979498150619358
EGY embedded in MSA,unambiguous,13,366,-0.09892058372497559,-0.1310185128867865,-0.07057363219979557
EGY embedded in MSA,all,14,1251,-0.22056841850280762,-0.2518800367114189,-0.19194319274038188
EGY embedded in MSA,unambiguous,14,366,-0.09500885009765625,-0.12410498335146936,-0.06826071943196932
EGY embedded in MSA,all,15,1251,-0.21455316245555878,-0.24205381873796694,-0.18785333257429107
EGY embedded in MSA,unambiguous,15,366,-0.09820029139518738,-0.12677292548734184,-0.07126565271670383
EGY embedded in MSA,all,16,1251,-0.22437840700149536,-0.2535597374988482,-0.19588485587596283
EGY embedded in MSA,unambiguous,16,366,-0.1182437464594841,-0.1494826900609644,-0.08890833503503545
EGY embedded in MSA,all,17,1251,-0.22936157882213593,-0.2593854806543711,-0.2011224460440989
EGY embedded in MSA,unambiguous,17,366,-0.11926119774580002,-0.15212803652453852,-0.08910461211548029
EGY embedded in MSA,all,18,1251,-0.23333320021629333,-0.26293987119360246,-0.20287326171681508
EGY embedded in MSA,unambiguous,18,366,-0.1116565465927124,-0.143522286579438,-0.08207407642091587
EGY embedded in MSA,all,19,1251,-0.22938182950019836,-0.2613080536380106,-0.1996147770593863
EGY embedded in MSA,unambiguous,19,366,-0.10704013705253601,-0.13715102910758542,-0.07809878245494604
EGY embedded in MSA,all,20,1251,-0.2281222939491272,-0.25988702592333257,-0.1974906514369245
EGY embedded in MSA,unambiguous,20,366,-0.10967519134283066,-0.14021578011260516,-0.08050233071856566
EGY embedded in MSA,all,21,1251,-0.23008228838443756,-0.2611687743389884,-0.20070002794860017
EGY embedded in MSA,unambiguous,21,366,-0.10801446437835693,-0.1383416260212043,-0.07939987168977779
EGY embedded in MSA,all,22,1251,-0.22949448227882385,-0.2592987829432807,-0.19941508251881251
EGY embedded in MSA,unambiguous,22,366,-0.1096559464931488,-0.13989900915741726,-0.08073758568031429
EGY embedded in MSA,all,23,1251,-0.21248121559619904,-0.24345879304620327,-0.18293824901827216
EGY embedded in MSA,unambiguous,23,366,-0.10065089166164398,-0.13271753029033972,-0.0710657188536128
EGY embedded in MSA,all,24,1251,-0.20978929102420807,-0.24064562201648546,-0.18117414230692963
EGY embedded in MSA,unambiguous,24,366,-0.09198858588933945,-0.12417296508992583,-0.0601577333659191
EGY embedded in MSA,all,25,1251,-0.2156830132007599,-0.24777268443172706,-0.1867388103582988
EGY embedded in MSA,unambiguous,25,366,-0.10358802229166031,-0.13643769304114936,-0.07131906975082487
EGY embedded in MSA,all,26,1251,-0.21527329087257385,-0.24691782182317165,-0.18697284903287667
EGY embedded in MSA,unambiguous,26,366,-0.09075979888439178,-0.1236196651410637,-0.059874731224542246
EGY embedded in MSA,all,27,1251,-0.2205480933189392,-0.25262718333967643,-0.19213750680623992
EGY embedded in MSA,unambiguous,27,366,-0.10810159146785736,-0.14088604787432585,-0.07625421979213767
EGY embedded in MSA,all,28,1251,-0.21469953656196594,-0.2467003582711317,-0.1858169520945625
EGY embedded in MSA,unambiguous,28,366,-0.10274288803339005,-0.13616456052273268,-0.07198315933653525
EGY embedded in MSA,all,29,1251,-0.21733719110488892,-0.2493977752693034,-0.187763704467986
EGY embedded in MSA,unambiguous,29,366,-0.10012693703174591,-0.13211476865192998,-0.06914548228390802
EGY embedded in MSA,all,30,1251,-0.2128591388463974,-0.24475353128142097,-0.18447028263235135
EGY embedded in MSA,unambiguous,30,366,-0.09645027667284012,-0.12598055440614098,-0.06918485276822219
EGY embedded in MSA,all,31,1251,-0.22543606162071228,-0.2566669311395077,-0.19651159367435792
EGY embedded in MSA,unambiguous,31,366,-0.10447190701961517,-0.13418429540351276,-0.07676694745459446
EGY embedded in MSA,all,32,1251,-0.22144798934459686,-0.25312359585908256,-0.1922023093839155
EGY embedded in MSA,unambiguous,32,366,-0.08533048629760742,-0.11443474253458844,-0.06010865462014246
EGY embedded in MSA,all,33,1251,-0.22037169337272644,-0.25096774484027995,-0.19109729885891302
EGY embedded in MSA,unambiguous,33,366,-0.09703285247087479,-0.12651929741526458,-0.06961307590261849
EGY embedded in MSA,all,34,1251,-0.22249551117420197,-0.2544202770450955,-0.19320029693310245
EGY embedded in MSA,unambiguous,34,366,-0.10532642900943756,-0.13825051762317783,-0.07650936002888917
EGY embedded in MSA,all,35,1251,-0.22603221237659454,-0.25864872738947603,-0.1957227267154667
EGY embedded in MSA,unambiguous,35,366,-0.11925122141838074,-0.15481484839419893,-0.0880659433747782
EGY embedded in MSA,all,36,1251,-0.2252856343984604,-0.257318880661649,-0.19596071370282328
EGY embedded in MSA,unambiguous,36,366,-0.11353829503059387,-0.1470240905335478,-0.08257894760381745
