group,ablation,measure,top5,random_mean,random_2.5,random_97.5,p_abs_ge_top5
MSA_in_EGY,target,d_own_logit,0.4799766211054433,0.053022101326803475,-0.11905631809378389,0.24452735997324612,0.047619047619047616
MSA_in_EGY,span,d_own_logit,0.48523063216377144,0.0472577842635725,-0.08643874061766581,0.124812546507198,0.16666666666666666
MSA_in_EGY,target,d_D_to_matrix,-0.031198585452745908,-0.0032292926730822084,-0.021032334721867163,0.014147105708194128,0.047619047619047616
MSA_in_EGY,span,d_D_to_matrix,-0.031796249312971106,-0.0036748118136995397,-0.01162902194650928,0.011184474571266366,0.16666666666666666
MSA_in_EGY,target,d_cont_lp_matrix,0.0028633667250811045,0.0037357003001843468,-0.0019183128061941116,0.008132096973516174,0.7142857142857143
MSA_in_EGY,span,d_cont_lp_matrix,-0.004028003094560009,-0.0018816790338289937,-0.009959487995858921,0.00553175897921546,0.5
MSA_in_EGY,target,d_cont_lp_own,0.005473665108806209,0.0015030514522406618,-0.002441822967835163,0.006534715986957673,0.09523809523809523
MSA_in_EGY,span,d_cont_lp_own,0.019083450401299877,-0.013470146726620825,-0.026785409254463096,0.009305087702446861,0.6666666666666666
MSA_in_EGY,target,d_cont_lp_all,0.004523975764467417,0.0017424586183223568,-0.000529486907880163,0.006005309204586214,0.14285714285714285
MSA_in_EGY,span,d_cont_lp_all,0.012065576155329012,-0.011880134884776964,-0.022757173073096354,0.005566182659297692,0.6666666666666666
EGY_in_MSA,target,d_own_logit,-1.3880515848238444,-0.027673774343175982,-0.45156683127597436,0.33698144330806334,0.047619047619047616
EGY_in_MSA,span,d_own_logit,-1.3843108974781233,-0.11178295047012801,-0.3778289083967504,0.3745653403174017,0.16666666666666666
EGY_in_MSA,target,d_D_to_matrix,0.0608913794006269,-0.0050492897476117635,-0.04471859169989517,0.03355656493570383,0.047619047619047616
EGY_in_MSA,span,d_D_to_matrix,0.05937139459492005,-0.0016678104695585596,-0.04662934080841615,0.023971362027925314,0.16666666666666666
EGY_in_MSA,target,d_cont_lp_matrix,0.017290754450692072,-0.003630750377972921,-0.01344155441555712,0.0032888668278853086,0.047619047619047616
EGY_in_MSA,span,d_cont_lp_matrix,0.06914184325271183,-0.009050539135932924,-0.042546616329087156,0.027842723660998873,0.16666666666666666
EGY_in_MSA,target,d_cont_lp_own,0.003343964776685161,0.0038963962370349514,-0.0023905909013363625,0.010423769460570427,0.5714285714285714
EGY_in_MSA,span,d_cont_lp_own,-0.0015043600913017027,-0.002256634312291299,-0.008622524526811415,0.005077889484743917,0.8333333333333334
EGY_in_MSA,target,d_cont_lp_all,0.006084312153401348,0.002054810625011638,-0.0026012508966828467,0.0065212337016049065,0.09523809523809523
EGY_in_MSA,span,d_cont_lp_all,0.007511615753173828,-0.004299978011072019,-0.011006118601324869,0.0013505509007448527,0.3333333333333333
mono_MSA,target,d_own_logit,-1.5578641676902771,-0.12207057805856067,-0.40038002292315167,0.3581502109766005,0.047619047619047616
mono_MSA,span,d_own_logit,-1.5615095082918804,-0.26186877632141115,-0.4525481333732605,0.1411627332369486,0.16666666666666666
mono_MSA,target,d_D_to_matrix,-0.03268442551294962,-0.0028214233318964643,-0.016152455230553944,0.011218743840853359,0.047619047619047616
mono_MSA,span,d_D_to_matrix,-0.03309881607691447,-0.0049898497263590495,-0.016956024805704753,0.0035811244646708168,0.16666666666666666
mono_MSA,target,d_cont_lp_matrix,0.0017673633992671967,0.0005630931092633141,-0.0043283675072921645,0.0044018896089659774,0.7142857142857143
mono_MSA,span,d_cont_lp_matrix,0.009505870027674569,-0.005420948647790485,-0.014855143965946303,0.0023948279105954697,0.5
mono_MSA,target,d_cont_lp_own,0.0017673633992671967,0.0005630931092633141,-0.0043283675072921645,0.0044018896089659774,0.7142857142857143
mono_MSA,span,d_cont_lp_own,0.009505870027674569,-0.005420948647790485,-0.014855143965946303,0.0023948279105954697,0.5
mono_MSA,target,d_cont_lp_all,0.0017673633992671967,0.0005630931092633141,-0.0043283675072921645,0.0044018896089659774,0.7142857142857143
mono_MSA,span,d_cont_lp_all,0.009505870027674569,-0.005420948647790485,-0.014855143965946303,0.0023948279105954697,0.5
mono_EGY,target,d_own_logit,-2.4907207187016804,-0.14948311138153075,-0.7629402941068013,0.43400493200620005,0.047619047619047616
mono_EGY,span,d_own_logit,-2.490826824506124,-0.29307704925537104,-0.7384229458173116,0.48809355640411367,0.16666666666666666
mono_EGY,target,d_D_to_matrix,-0.07761635303497315,0.001323566436767578,-0.02900798447926839,0.046684445142745945,0.047619047619047616
mono_EGY,span,d_D_to_matrix,-0.07845689296722412,-0.006091817220052084,-0.033980473677317304,0.042873866955439245,0.16666666666666666
mono_EGY,target,d_cont_lp_matrix,0.00957555856023516,0.0014974855525153026,-0.003362079496894564,0.00573368055479867,0.047619047619047616
mono_EGY,span,d_cont_lp_matrix,0.02317120943750654,-0.006924434219087873,-0.02194456900869097,0.0018603043896811347,0.16666666666666666
mono_EGY,target,d_cont_lp_own,0.00957555856023516,0.0014974855525153026,-0.003362079496894564,0.00573368055479867,0.047619047619047616
mono_EGY,span,d_cont_lp_own,0.02317120943750654,-0.006924434219087873,-0.02194456900869097,0.0018603043896811347,0.16666666666666666
mono_EGY,target,d_cont_lp_all,0.00957555856023516,0.0014974855525153026,-0.003362079496894564,0.00573368055479867,0.047619047619047616
mono_EGY,span,d_cont_lp_all,0.02317120943750654,-0.006924434219087873,-0.02194456900869097,0.0018603043896811347,0.16666666666666666
