direction,offset,layer,n,p_egy
MSA->EGY,-3,0,244,0.443058580160141
MSA->EGY,-3,1,244,0.434342622756958
MSA->EGY,-3,2,244,0.42495235800743103
MSA->EGY,-3,3,244,0.39286667108535767
MSA->EGY,-3,4,244,0.40781068801879883
MSA->EGY,-3,5,244,0.3702578544616699
MSA->EGY,-3,6,244,0.3853006958961487
MSA->EGY,-3,7,244,0.3812549114227295
MSA->EGY,-3,8,244,0.37098997831344604
MSA->EGY,-3,9,244,0.37371763586997986
MSA->EGY,-3,10,244,0.3958790898323059
MSA->EGY,-3,11,244,0.37599068880081177
MSA->EGY,-3,12,244,0.38344135880470276
MSA->EGY,-3,13,244,0.3716098964214325
MSA->EGY,-3,14,244,0.3982894718647003
MSA->EGY,-3,15,244,0.40341073274612427
MSA->EGY,-3,16,244,0.4188885986804962
MSA->EGY,-3,17,244,0.4365081787109375
MSA->EGY,-3,18,244,0.41604816913604736
MSA->EGY,-3,19,244,0.44565507769584656
MSA->EGY,-3,20,244,0.43647921085357666
MSA->EGY,-3,21,244,0.4153047800064087
MSA->EGY,-3,22,244,0.41612812876701355
MSA->EGY,-3,23,244,0.4137610197067261
MSA->EGY,-3,24,244,0.3988746404647827
MSA->EGY,-3,25,244,0.4059482514858246
MSA->EGY,-3,26,244,0.3921765983104706
MSA->EGY,-3,27,244,0.35884788632392883
MSA->EGY,-3,28,244,0.3884465992450714
MSA->EGY,-3,29,244,0.38869500160217285
MSA->EGY,-3,30,244,0.39965713024139404
MSA->EGY,-3,31,244,0.39710426330566406
MSA->EGY,-3,32,244,0.4103284776210785
MSA->EGY,-3,33,244,0.42087486386299133
MSA->EGY,-3,34,244,0.42072734236717224
MSA->EGY,-3,35,244,0.4246944487094879
MSA->EGY,-3,36,244,0.39802247285842896
MSA->EGY,-3,37,244,0.3958413302898407
MSA->EGY,-3,38,244,0.4017292857170105
MSA->EGY,-3,39,244,0.4050041437149048
MSA->EGY,-3,40,244,0.4106510877609253
MSA->EGY,-3,41,244,0.41513046622276306
MSA->EGY,-3,42,244,0.41263923048973083
MSA->EGY,-2,0,257,0.4383002817630768
MSA->EGY,-2,1,257,0.42827415466308594
MSA->EGY,-2,2,257,0.42451927065849304
MSA->EGY,-2,3,257,0.3815480172634125
MSA->EGY,-2,4,257,0.3695060908794403
MSA->EGY,-2,5,257,0.3681694567203522
MSA->EGY,-2,6,257,0.38962605595588684
MSA->EGY,-2,7,257,0.39212310314178467
MSA->EGY,-2,8,257,0.38111773133277893
MSA->EGY,-2,9,257,0.38852766156196594
MSA->EGY,-2,10,257,0.38055720925331116
MSA->EGY,-2,11,257,0.41814956068992615
MSA->EGY,-2,12,257,0.4000815749168396
MSA->EGY,-2,13,257,0.39993342757225037
MSA->EGY,-2,14,257,0.4156675934791565
MSA->EGY,-2,15,257,0.41004452109336853
MSA->EGY,-2,16,257,0.40668994188308716
MSA->EGY,-2,17,257,0.423757404088974
MSA->EGY,-2,18,257,0.42945095896720886
MSA->EGY,-2,19,257,0.439633309841156
MSA->EGY,-2,20,257,0.4003850519657135
MSA->EGY,-2,21,257,0.40989917516708374
MSA->EGY,-2,22,257,0.41259539127349854
MSA->EGY,-2,23,257,0.41121426224708557
MSA->EGY,-2,24,257,0.42034009099006653
MSA->EGY,-2,25,257,0.3952907919883728
MSA->EGY,-2,26,257,0.38909435272216797
MSA->EGY,-2,27,257,0.3985390365123749
MSA->EGY,-2,28,257,0.40088218450546265
MSA->EGY,-2,29,257,0.39431601762771606
MSA->EGY,-2,30,257,0.391449511051178
MSA->EGY,-2,31,257,0.39695805311203003
MSA->EGY,-2,32,257,0.3877633213996887
MSA->EGY,-2,33,257,0.3666355609893799
MSA->EGY,-2,34,257,0.37585246562957764
MSA->EGY,-2,35,257,0.36702948808670044
MSA->EGY,-2,36,257,0.3522680997848511
MSA->EGY,-2,37,257,0.3649323284626007
MSA->EGY,-2,38,257,0.3822930157184601
MSA->EGY,-2,39,257,0.3754306733608246
MSA->EGY,-2,40,257,0.38353240489959717
MSA->EGY,-2,41,257,0.38440176844596863
MSA->EGY,-2,42,257,0.39109066128730774
MSA->EGY,-1,0,264,0.4214553236961365
MSA->EGY,-1,1,264,0.41848403215408325
MSA->EGY,-1,2,264,0.4098028242588043
MSA->EGY,-1,3,264,0.4033605456352234
MSA->EGY,-1,4,264,0.3790784478187561
MSA->EGY,-1,5,264,0.37476858496665955
MSA->EGY,-1,6,264,0.39195773005485535
MSA->EGY,-1,7,264,0.3862342834472656
MSA->EGY,-1,8,264,0.3570372760295868
MSA->EGY,-1,9,264,0.34258437156677246
MSA->EGY,-1,10,264,0.3776935040950775
MSA->EGY,-1,11,264,0.36584317684173584
MSA->EGY,-1,12,264,0.39238440990448
MSA->EGY,-1,13,264,0.37615838646888733
MSA->EGY,-1,14,264,0.3939492106437683
MSA->EGY,-1,15,264,0.38461366295814514
MSA->EGY,-1,16,264,0.40135863423347473
MSA->EGY,-1,17,264,0.4236687123775482
MSA->EGY,-1,18,264,0.41643431782722473
MSA->EGY,-1,19,264,0.4506346881389618
MSA->EGY,-1,20,264,0.4086543023586273
MSA->EGY,-1,21,264,0.38930031657218933
MSA->EGY,-1,22,264,0.4141654372215271
MSA->EGY,-1,23,264,0.41127991676330566
MSA->EGY,-1,24,264,0.4035627245903015
MSA->EGY,-1,25,264,0.41586726903915405
MSA->EGY,-1,26,264,0.38835009932518005
MSA->EGY,-1,27,264,0.387615442276001
MSA->EGY,-1,28,264,0.4189843237400055
MSA->EGY,-1,29,264,0.3981623351573944
MSA->EGY,-1,30,264,0.41227060556411743
MSA->EGY,-1,31,264,0.41247761249542236
MSA->EGY,-1,32,264,0.40393590927124023
MSA->EGY,-1,33,264,0.3953186273574829
MSA->EGY,-1,34,264,0.41747456789016724
MSA->EGY,-1,35,264,0.4065376818180084
MSA->EGY,-1,36,264,0.40206095576286316
MSA->EGY,-1,37,264,0.3902048170566559
MSA->EGY,-1,38,264,0.3847498893737793
MSA->EGY,-1,39,264,0.397785484790802
MSA->EGY,-1,40,264,0.4127250611782074
MSA->EGY,-1,41,264,0.40493687987327576
MSA->EGY,-1,42,264,0.41300609707832336
MSA->EGY,0,0,264,0.7745856046676636
MSA->EGY,0,1,264,0.8152123093605042
MSA->EGY,0,2,264,0.8231940865516663
MSA->EGY,0,3,264,0.8687612414360046
MSA->EGY,0,4,264,0.8484330177307129
MSA->EGY,0,5,264,0.8074498176574707
MSA->EGY,0,6,264,0.8355293273925781
MSA->EGY,0,7,264,0.8079153299331665
MSA->EGY,0,8,264,0.8788931369781494
MSA->EGY,0,9,264,0.8707207441329956
MSA->EGY,0,10,264,0.8780807852745056
MSA->EGY,0,11,264,0.8731335997581482
MSA->EGY,0,12,264,0.8984741568565369
MSA->EGY,0,13,264,0.879828155040741
MSA->EGY,0,14,264,0.8830609321594238
MSA->EGY,0,15,264,0.8744513392448425
MSA->EGY,0,16,264,0.8809976577758789
MSA->EGY,0,17,264,0.886094868183136
MSA->EGY,0,18,264,0.8830249905586243
MSA->EGY,0,19,264,0.8909984230995178
MSA->EGY,0,20,264,0.8991270065307617
MSA->EGY,0,21,264,0.8968610167503357
MSA->EGY,0,22,264,0.893714964389801
MSA->EGY,0,23,264,0.8920988440513611
MSA->EGY,0,24,264,0.8770933747291565
MSA->EGY,0,25,264,0.8793885111808777
MSA->EGY,0,26,264,0.8735871911048889
MSA->EGY,0,27,264,0.8743352890014648
MSA->EGY,0,28,264,0.8906579613685608
MSA->EGY,0,29,264,0.8956347703933716
MSA->EGY,0,30,264,0.8907265067100525
MSA->EGY,0,31,264,0.907371997833252
MSA->EGY,0,32,264,0.9074222445487976
MSA->EGY,0,33,264,0.8984934687614441
MSA->EGY,0,34,264,0.8959693312644958
MSA->EGY,0,35,264,0.8983888030052185
MSA->EGY,0,36,264,0.9035558700561523
MSA->EGY,0,37,264,0.9022164940834045
MSA->EGY,0,38,264,0.8858503699302673
MSA->EGY,0,39,264,0.8852368593215942
MSA->EGY,0,40,264,0.8806793689727783
MSA->EGY,0,41,264,0.8794142007827759
MSA->EGY,0,42,264,0.8885871171951294
MSA->EGY,1,0,252,0.5843072533607483
MSA->EGY,1,1,252,0.6794916391372681
MSA->EGY,1,2,252,0.6729556918144226
MSA->EGY,1,3,252,0.668441116809845
MSA->EGY,1,4,252,0.7574724555015564
MSA->EGY,1,5,252,0.8332437872886658
MSA->EGY,1,6,252,0.8478790521621704
MSA->EGY,1,7,252,0.8436797261238098
MSA->EGY,1,8,252,0.8332136869430542
MSA->EGY,1,9,252,0.8732048869132996
MSA->EGY,1,10,252,0.8641098141670227
MSA->EGY,1,11,252,0.8784998059272766
MSA->EGY,1,12,252,0.8841548562049866
MSA->EGY,1,13,252,0.8565449714660645
MSA->EGY,1,14,252,0.8721917867660522
MSA->EGY,1,15,252,0.8665209412574768
MSA->EGY,1,16,252,0.8689112663269043
MSA->EGY,1,17,252,0.882868230342865
MSA->EGY,1,18,252,0.8772804737091064
MSA->EGY,1,19,252,0.8815039992332458
MSA->EGY,1,20,252,0.875690758228302
MSA->EGY,1,21,252,0.8855880498886108
MSA->EGY,1,22,252,0.8804367184638977
MSA->EGY,1,23,252,0.8738661408424377
MSA->EGY,1,24,252,0.8820536136627197
MSA->EGY,1,25,252,0.8831683397293091
MSA->EGY,1,26,252,0.8731470704078674
MSA->EGY,1,27,252,0.8744884729385376
MSA->EGY,1,28,252,0.8778955936431885
MSA->EGY,1,29,252,0.8719093799591064
MSA->EGY,1,30,252,0.8822648525238037
MSA->EGY,1,31,252,0.8853000402450562
MSA->EGY,1,32,252,0.8880001306533813
MSA->EGY,1,33,252,0.8793234825134277
MSA->EGY,1,34,252,0.8871974349021912
MSA->EGY,1,35,252,0.88552325963974
MSA->EGY,1,36,252,0.8844238519668579
MSA->EGY,1,37,252,0.8667243123054504
MSA->EGY,1,38,252,0.8524966835975647
MSA->EGY,1,39,252,0.8595627546310425
MSA->EGY,1,40,252,0.8535284399986267
MSA->EGY,1,41,252,0.8539719581604004
MSA->EGY,1,42,252,0.8578718900680542
MSA->EGY,2,0,240,0.5640856027603149
MSA->EGY,2,1,240,0.6201294660568237
MSA->EGY,2,2,240,0.6487728357315063
MSA->EGY,2,3,240,0.6695758700370789
MSA->EGY,2,4,240,0.7209240794181824
MSA->EGY,2,5,240,0.7903165221214294
MSA->EGY,2,6,240,0.7770730257034302
MSA->EGY,2,7,240,0.7815567255020142
MSA->EGY,2,8,240,0.7830076813697815
MSA->EGY,2,9,240,0.8184447884559631
MSA->EGY,2,10,240,0.8113197684288025
MSA->EGY,2,11,240,0.839159369468689
MSA->EGY,2,12,240,0.8426269292831421
MSA->EGY,2,13,240,0.8252029418945312
MSA->EGY,2,14,240,0.8312132358551025
MSA->EGY,2,15,240,0.8203935027122498
MSA->EGY,2,16,240,0.802480936050415
MSA->EGY,2,17,240,0.819435179233551
MSA->EGY,2,18,240,0.8493384122848511
MSA->EGY,2,19,240,0.8421259522438049
MSA->EGY,2,20,240,0.8038827180862427
MSA->EGY,2,21,240,0.8144766688346863
MSA->EGY,2,22,240,0.8536052107810974
MSA->EGY,2,23,240,0.8158088326454163
MSA->EGY,2,24,240,0.8502416014671326
MSA->EGY,2,25,240,0.8476254940032959
MSA->EGY,2,26,240,0.8363854885101318
MSA->EGY,2,27,240,0.8323404788970947
MSA->EGY,2,28,240,0.8425042629241943
MSA->EGY,2,29,240,0.8266475200653076
MSA->EGY,2,30,240,0.8657598495483398
MSA->EGY,2,31,240,0.8589417934417725
MSA->EGY,2,32,240,0.8388693928718567
MSA->EGY,2,33,240,0.8374457955360413
MSA->EGY,2,34,240,0.8491265773773193
MSA->EGY,2,35,240,0.8388878107070923
MSA->EGY,2,36,240,0.8372730612754822
MSA->EGY,2,37,240,0.8341730237007141
MSA->EGY,2,38,240,0.8123799562454224
MSA->EGY,2,39,240,0.8230168223381042
MSA->EGY,2,40,240,0.8099974393844604
MSA->EGY,2,41,240,0.8214319944381714
MSA->EGY,2,42,240,0.8232438564300537
MSA->EGY,3,0,207,0.5524141788482666
MSA->EGY,3,1,207,0.615667462348938
MSA->EGY,3,2,207,0.6322780847549438
MSA->EGY,3,3,207,0.6481109261512756
MSA->EGY,3,4,207,0.70111083984375
MSA->EGY,3,5,207,0.7741007208824158
MSA->EGY,3,6,207,0.7712999582290649
MSA->EGY,3,7,207,0.7540338039398193
MSA->EGY,3,8,207,0.7862781882286072
MSA->EGY,3,9,207,0.7852967381477356
MSA->EGY,3,10,207,0.7905957698822021
MSA->EGY,3,11,207,0.8233427405357361
MSA->EGY,3,12,207,0.8101704716682434
MSA->EGY,3,13,207,0.791470468044281
MSA->EGY,3,14,207,0.814178466796875
MSA->EGY,3,15,207,0.7865541577339172
MSA->EGY,3,16,207,0.7743457555770874
MSA->EGY,3,17,207,0.7719232439994812
MSA->EGY,3,18,207,0.8031538128852844
MSA->EGY,3,19,207,0.7994368076324463
MSA->EGY,3,20,207,0.7749406695365906
MSA->EGY,3,21,207,0.7709892988204956
MSA->EGY,3,22,207,0.8031747937202454
MSA->EGY,3,23,207,0.7973844408988953
MSA->EGY,3,24,207,0.8122370839118958
MSA->EGY,3,25,207,0.805757999420166
MSA->EGY,3,26,207,0.807525634765625
MSA->EGY,3,27,207,0.7932370901107788
MSA->EGY,3,28,207,0.8109667301177979
MSA->EGY,3,29,207,0.8206737041473389
MSA->EGY,3,30,207,0.8292693495750427
MSA->EGY,3,31,207,0.8224860429763794
MSA->EGY,3,32,207,0.8330150842666626
MSA->EGY,3,33,207,0.8183284401893616
MSA->EGY,3,34,207,0.8314372897148132
MSA->EGY,3,35,207,0.8288284540176392
MSA->EGY,3,36,207,0.8368263244628906
MSA->EGY,3,37,207,0.846333384513855
MSA->EGY,3,38,207,0.8304769396781921
MSA->EGY,3,39,207,0.8207345604896545
MSA->EGY,3,40,207,0.821474552154541
MSA->EGY,3,41,207,0.8277021646499634
MSA->EGY,3,42,207,0.8257471323013306
EGY->MSA,-3,0,181,0.509956419467926
EGY->MSA,-3,1,181,0.5274028182029724
EGY->MSA,-3,2,181,0.520024836063385
EGY->MSA,-3,3,181,0.5214136242866516
EGY->MSA,-3,4,181,0.5269456505775452
EGY->MSA,-3,5,181,0.558172881603241
EGY->MSA,-3,6,181,0.580829918384552
EGY->MSA,-3,7,181,0.5943886637687683
EGY->MSA,-3,8,181,0.5939909219741821
EGY->MSA,-3,9,181,0.5919390320777893
EGY->MSA,-3,10,181,0.6022469401359558
EGY->MSA,-3,11,181,0.6234475374221802
EGY->MSA,-3,12,181,0.6410933136940002
EGY->MSA,-3,13,181,0.6492748856544495
EGY->MSA,-3,14,181,0.6307248473167419
EGY->MSA,-3,15,181,0.6449831128120422
EGY->MSA,-3,16,181,0.634688138961792
EGY->MSA,-3,17,181,0.6396065354347229
EGY->MSA,-3,18,181,0.6488701105117798
EGY->MSA,-3,19,181,0.6515646576881409
EGY->MSA,-3,20,181,0.6451233625411987
EGY->MSA,-3,21,181,0.6331343054771423
EGY->MSA,-3,22,181,0.6404787302017212
EGY->MSA,-3,23,181,0.6657065749168396
EGY->MSA,-3,24,181,0.6705372929573059
EGY->MSA,-3,25,181,0.6670764088630676
EGY->MSA,-3,26,181,0.6671969890594482
EGY->MSA,-3,27,181,0.6608102917671204
EGY->MSA,-3,28,181,0.6610063910484314
EGY->MSA,-3,29,181,0.6528049111366272
EGY->MSA,-3,30,181,0.6534751057624817
EGY->MSA,-3,31,181,0.6338393092155457
EGY->MSA,-3,32,181,0.6419776082038879
EGY->MSA,-3,33,181,0.6422841548919678
EGY->MSA,-3,34,181,0.6348599791526794
EGY->MSA,-3,35,181,0.637501060962677
EGY->MSA,-3,36,181,0.6381382346153259
EGY->MSA,-3,37,181,0.6346533894538879
EGY->MSA,-3,38,181,0.6392965316772461
EGY->MSA,-3,39,181,0.6408096551895142
EGY->MSA,-3,40,181,0.6303263902664185
EGY->MSA,-3,41,181,0.6294291019439697
EGY->MSA,-3,42,181,0.6320902109146118
EGY->MSA,-2,0,193,0.5087544322013855
EGY->MSA,-2,1,193,0.5576949715614319
EGY->MSA,-2,2,193,0.5892592668533325
EGY->MSA,-2,3,193,0.5924692749977112
EGY->MSA,-2,4,193,0.5853768587112427
EGY->MSA,-2,5,193,0.6383385062217712
EGY->MSA,-2,6,193,0.6108313798904419
EGY->MSA,-2,7,193,0.615013837814331
EGY->MSA,-2,8,193,0.6252542734146118
EGY->MSA,-2,9,193,0.6330070495605469
EGY->MSA,-2,10,193,0.6253480911254883
EGY->MSA,-2,11,193,0.6366629004478455
EGY->MSA,-2,12,193,0.6531916856765747
EGY->MSA,-2,13,193,0.6798635125160217
EGY->MSA,-2,14,193,0.66310054063797
EGY->MSA,-2,15,193,0.6596038937568665
EGY->MSA,-2,16,193,0.656036913394928
EGY->MSA,-2,17,193,0.6738033890724182
EGY->MSA,-2,18,193,0.6831638216972351
EGY->MSA,-2,19,193,0.6638103127479553
EGY->MSA,-2,20,193,0.6568436026573181
EGY->MSA,-2,21,193,0.6567163467407227
EGY->MSA,-2,22,193,0.675700306892395
EGY->MSA,-2,23,193,0.6858682036399841
EGY->MSA,-2,24,193,0.7097872495651245
EGY->MSA,-2,25,193,0.6820482611656189
EGY->MSA,-2,26,193,0.6781769394874573
EGY->MSA,-2,27,193,0.6842217445373535
EGY->MSA,-2,28,193,0.6845695376396179
EGY->MSA,-2,29,193,0.6635465621948242
EGY->MSA,-2,30,193,0.6889862418174744
EGY->MSA,-2,31,193,0.7017192244529724
EGY->MSA,-2,32,193,0.7023108005523682
EGY->MSA,-2,33,193,0.7012763023376465
EGY->MSA,-2,34,193,0.7146311402320862
EGY->MSA,-2,35,193,0.7214248180389404
EGY->MSA,-2,36,193,0.7129309177398682
EGY->MSA,-2,37,193,0.7041307091712952
EGY->MSA,-2,38,193,0.6932520866394043
EGY->MSA,-2,39,193,0.6945409178733826
EGY->MSA,-2,40,193,0.6911383271217346
EGY->MSA,-2,41,193,0.6945446729660034
EGY->MSA,-2,42,193,0.6993476748466492
EGY->MSA,-1,0,197,0.5447675585746765
EGY->MSA,-1,1,197,0.567051887512207
EGY->MSA,-1,2,197,0.5939418077468872
EGY->MSA,-1,3,197,0.6290367841720581
EGY->MSA,-1,4,197,0.6230255961418152
EGY->MSA,-1,5,197,0.640314519405365
EGY->MSA,-1,6,197,0.6470407247543335
EGY->MSA,-1,7,197,0.6968138813972473
EGY->MSA,-1,8,197,0.6920962333679199
EGY->MSA,-1,9,197,0.7196769714355469
EGY->MSA,-1,10,197,0.7224528789520264
EGY->MSA,-1,11,197,0.71172034740448
EGY->MSA,-1,12,197,0.7226642370223999
EGY->MSA,-1,13,197,0.7106817960739136
EGY->MSA,-1,14,197,0.695214569568634
EGY->MSA,-1,15,197,0.7045179605484009
EGY->MSA,-1,16,197,0.6915647387504578
EGY->MSA,-1,17,197,0.724444568157196
EGY->MSA,-1,18,197,0.7348434329032898
EGY->MSA,-1,19,197,0.7454124689102173
EGY->MSA,-1,20,197,0.7234771251678467
EGY->MSA,-1,21,197,0.7040597200393677
EGY->MSA,-1,22,197,0.6924915313720703
EGY->MSA,-1,23,197,0.7030371427536011
EGY->MSA,-1,24,197,0.7137984037399292
EGY->MSA,-1,25,197,0.7211903929710388
EGY->MSA,-1,26,197,0.70435631275177
EGY->MSA,-1,27,197,0.7233609557151794
EGY->MSA,-1,28,197,0.7235370874404907
EGY->MSA,-1,29,197,0.710877001285553
EGY->MSA,-1,30,197,0.729626476764679
EGY->MSA,-1,31,197,0.7251798510551453
EGY->MSA,-1,32,197,0.7204326391220093
EGY->MSA,-1,33,197,0.7318945527076721
EGY->MSA,-1,34,197,0.7334325313568115
EGY->MSA,-1,35,197,0.7315438389778137
EGY->MSA,-1,36,197,0.7387675046920776
EGY->MSA,-1,37,197,0.7355599403381348
EGY->MSA,-1,38,197,0.7332499623298645
EGY->MSA,-1,39,197,0.7315365672111511
EGY->MSA,-1,40,197,0.7286874055862427
EGY->MSA,-1,41,197,0.7205986976623535
EGY->MSA,-1,42,197,0.7272360324859619
EGY->MSA,0,0,197,0.2505154311656952
EGY->MSA,0,1,197,0.31501099467277527
EGY->MSA,0,2,197,0.31309157609939575
EGY->MSA,0,3,197,0.2649054229259491
EGY->MSA,0,4,197,0.3330972492694855
EGY->MSA,0,5,197,0.5114312171936035
EGY->MSA,0,6,197,0.4689953923225403
EGY->MSA,0,7,197,0.4939541816711426
EGY->MSA,0,8,197,0.45881152153015137
EGY->MSA,0,9,197,0.5023057460784912
EGY->MSA,0,10,197,0.5235001444816589
EGY->MSA,0,11,197,0.5550596714019775
EGY->MSA,0,12,197,0.5224493741989136
EGY->MSA,0,13,197,0.5126298666000366
EGY->MSA,0,14,197,0.5089035630226135
EGY->MSA,0,15,197,0.471637099981308
EGY->MSA,0,16,197,0.4910227060317993
EGY->MSA,0,17,197,0.5147635340690613
EGY->MSA,0,18,197,0.5513949990272522
EGY->MSA,0,19,197,0.517856240272522
EGY->MSA,0,20,197,0.5105557441711426
EGY->MSA,0,21,197,0.46532559394836426
EGY->MSA,0,22,197,0.45860719680786133
EGY->MSA,0,23,197,0.4526505172252655
EGY->MSA,0,24,197,0.4884655177593231
EGY->MSA,0,25,197,0.494374543428421
EGY->MSA,0,26,197,0.49380233883857727
EGY->MSA,0,27,197,0.4863690137863159
EGY->MSA,0,28,197,0.47156891226768494
EGY->MSA,0,29,197,0.4644148349761963
EGY->MSA,0,30,197,0.5252174139022827
EGY->MSA,0,31,197,0.5190633535385132
EGY->MSA,0,32,197,0.5101271867752075
EGY->MSA,0,33,197,0.48626065254211426
EGY->MSA,0,34,197,0.5206136703491211
EGY->MSA,0,35,197,0.527539849281311
EGY->MSA,0,36,197,0.5337882041931152
EGY->MSA,0,37,197,0.5231569409370422
EGY->MSA,0,38,197,0.5459609627723694
EGY->MSA,0,39,197,0.5344266295433044
EGY->MSA,0,40,197,0.5382930636405945
EGY->MSA,0,41,197,0.5094795227050781
EGY->MSA,0,42,197,0.5148653984069824
EGY->MSA,1,0,183,0.43303734064102173
EGY->MSA,1,1,183,0.44571706652641296
EGY->MSA,1,2,183,0.45387935638427734
EGY->MSA,1,3,183,0.4180360436439514
EGY->MSA,1,4,183,0.36991387605667114
EGY->MSA,1,5,183,0.44023898243904114
EGY->MSA,1,6,183,0.473501056432724
EGY->MSA,1,7,183,0.4165619909763336
EGY->MSA,1,8,183,0.4242980480194092
EGY->MSA,1,9,183,0.4058442711830139
EGY->MSA,1,10,183,0.41289833188056946
EGY->MSA,1,11,183,0.48106837272644043
EGY->MSA,1,12,183,0.4798666536808014
EGY->MSA,1,13,183,0.5003195405006409
EGY->MSA,1,14,183,0.4957539737224579
EGY->MSA,1,15,183,0.4760201871395111
EGY->MSA,1,16,183,0.4779875576496124
EGY->MSA,1,17,183,0.5263205170631409
EGY->MSA,1,18,183,0.4814947545528412
EGY->MSA,1,19,183,0.47456347942352295
EGY->MSA,1,20,183,0.4718305170536041
EGY->MSA,1,21,183,0.4511202573776245
EGY->MSA,1,22,183,0.4632403254508972
EGY->MSA,1,23,183,0.4585408568382263
EGY->MSA,1,24,183,0.4628850519657135
EGY->MSA,1,25,183,0.44091880321502686
EGY->MSA,1,26,183,0.45366886258125305
EGY->MSA,1,27,183,0.4435345530509949
EGY->MSA,1,28,183,0.4461704194545746
EGY->MSA,1,29,183,0.4524018466472626
EGY->MSA,1,30,183,0.4821626842021942
EGY->MSA,1,31,183,0.46300047636032104
EGY->MSA,1,32,183,0.45186686515808105
EGY->MSA,1,33,183,0.4293193221092224
EGY->MSA,1,34,183,0.4677712619304657
EGY->MSA,1,35,183,0.4697225093841553
EGY->MSA,1,36,183,0.47495540976524353
EGY->MSA,1,37,183,0.4729774296283722
EGY->MSA,1,38,183,0.5050584673881531
EGY->MSA,1,39,183,0.50079745054245
EGY->MSA,1,40,183,0.515375018119812
EGY->MSA,1,41,183,0.5131765007972717
EGY->MSA,1,42,183,0.5380512475967407
EGY->MSA,2,0,168,0.40560001134872437
EGY->MSA,2,1,168,0.3867693543434143
EGY->MSA,2,2,168,0.40260595083236694
EGY->MSA,2,3,168,0.36751705408096313
EGY->MSA,2,4,168,0.377488911151886
EGY->MSA,2,5,168,0.40501856803894043
EGY->MSA,2,6,168,0.41051945090293884
EGY->MSA,2,7,168,0.43784478306770325
EGY->MSA,2,8,168,0.4437444806098938
EGY->MSA,2,9,168,0.4037850797176361
EGY->MSA,2,10,168,0.4149508774280548
EGY->MSA,2,11,168,0.4586277902126312
EGY->MSA,2,12,168,0.4466590881347656
EGY->MSA,2,13,168,0.46199607849121094
EGY->MSA,2,14,168,0.43607115745544434
EGY->MSA,2,15,168,0.43694260716438293
EGY->MSA,2,16,168,0.43578583002090454
EGY->MSA,2,17,168,0.4425618350505829
EGY->MSA,2,18,168,0.4859999120235443
EGY->MSA,2,19,168,0.47358086705207825
EGY->MSA,2,20,168,0.4717331528663635
EGY->MSA,2,21,168,0.40854859352111816
EGY->MSA,2,22,168,0.44210320711135864
EGY->MSA,2,23,168,0.46511903405189514
EGY->MSA,2,24,168,0.4464753568172455
EGY->MSA,2,25,168,0.4381297826766968
EGY->MSA,2,26,168,0.4617483615875244
EGY->MSA,2,27,168,0.4512416422367096
EGY->MSA,2,28,168,0.43219828605651855
EGY->MSA,2,29,168,0.43124544620513916
EGY->MSA,2,30,168,0.45902442932128906
EGY->MSA,2,31,168,0.452147901058197
EGY->MSA,2,32,168,0.4480823874473572
EGY->MSA,2,33,168,0.43819040060043335
EGY->MSA,2,34,168,0.46324610710144043
EGY->MSA,2,35,168,0.47239503264427185
EGY->MSA,2,36,168,0.4865959584712982
EGY->MSA,2,37,168,0.49163854122161865
EGY->MSA,2,38,168,0.49290746450424194
EGY->MSA,2,39,168,0.4768795669078827
EGY->MSA,2,40,168,0.4811032712459564
EGY->MSA,2,41,168,0.4674946367740631
EGY->MSA,2,42,168,0.48513102531433105
EGY->MSA,3,0,156,0.45063257217407227
EGY->MSA,3,1,156,0.4183255732059479
EGY->MSA,3,2,156,0.4573539197444916
EGY->MSA,3,3,156,0.42539483308792114
EGY->MSA,3,4,156,0.4571508765220642
EGY->MSA,3,5,156,0.44217443466186523
EGY->MSA,3,6,156,0.46236860752105713
EGY->MSA,3,7,156,0.4217335283756256
EGY->MSA,3,8,156,0.4447498917579651
EGY->MSA,3,9,156,0.4544847011566162
EGY->MSA,3,10,156,0.41571229696273804
EGY->MSA,3,11,156,0.4261823892593384
EGY->MSA,3,12,156,0.4529976546764374
EGY->MSA,3,13,156,0.4525960385799408
EGY->MSA,3,14,156,0.4424595832824707
EGY->MSA,3,15,156,0.4492712616920471
EGY->MSA,3,16,156,0.44697287678718567
EGY->MSA,3,17,156,0.4453122913837433
EGY->MSA,3,18,156,0.4449603855609894
EGY->MSA,3,19,156,0.4548952281475067
EGY->MSA,3,20,156,0.48059171438217163
EGY->MSA,3,21,156,0.45708730816841125
EGY->MSA,3,22,156,0.43904733657836914
EGY->MSA,3,23,156,0.45726728439331055
EGY->MSA,3,24,156,0.4733330309391022
EGY->MSA,3,25,156,0.46851640939712524
EGY->MSA,3,26,156,0.48592817783355713
EGY->MSA,3,27,156,0.4696245789527893
EGY->MSA,3,28,156,0.44150063395500183
EGY->MSA,3,29,156,0.4534592628479004
EGY->MSA,3,30,156,0.46480897068977356
EGY->MSA,3,31,156,0.4714246392250061
EGY->MSA,3,32,156,0.4923459589481354
EGY->MSA,3,33,156,0.4722130596637726
EGY->MSA,3,34,156,0.47471296787261963
EGY->MSA,3,35,156,0.4770614802837372
EGY->MSA,3,36,156,0.5011009573936462
EGY->MSA,3,37,156,0.4946948289871216
EGY->MSA,3,38,156,0.5029460191726685
EGY->MSA,3,39,156,0.49616914987564087
EGY->MSA,3,40,156,0.5105341672897339
EGY->MSA,3,41,156,0.5085875988006592
EGY->MSA,3,42,156,0.530381977558136
