layer,head,mean,std,count
21,0,-0.0020719286946890253,0.008103498295629038,150
21,1,-0.00016766894104269643,0.0077479147655091975,150
21,2,-0.00020514115303133925,0.007323857142855991,150
21,3,-0.0037375438679009675,0.011689380124042602,150
21,4,0.0017025470453760742,0.01247973541573146,150
21,5,-0.0005758883206484219,0.007179412037433167,150
21,6,-0.0029041801400793094,0.010070477517793717,150
21,7,2.6067694804320733e-05,0.00932384428818939,150
21,8,0.0007008492178283632,0.007856976339968808,150
21,9,0.0010409726691432298,0.009121332455399792,150
21,10,-0.00018950755630309384,0.007181320838480507,150
21,11,0.06040552885038778,0.03964284031913295,150
21,12,8.335392689332366e-05,0.007858878893594917,150
21,13,0.002050088883843273,0.009647994531889572,150
21,14,0.0026873036356361503,0.012980290046900527,150
21,15,0.00398131812379385,0.015291722854501534,150
21,16,0.0007878074430239697,0.008219350396592306,150
21,17,-0.00010353530679518977,0.007272026267141023,150
21,18,-1.245022052899003e-05,0.008411161407617211,150
21,19,-0.00013399545646583042,0.008400783330444306,150
21,20,0.0013336661589952808,0.00904973384273152,150
21,21,-0.0007999183043527106,0.009903965931957803,150
21,22,-0.0017664781670706968,0.011055847798709084,150
21,23,0.005374874405097216,0.01300151723534549,150
21,24,0.0015617918151595708,0.009408389058730243,150
21,25,-0.0004631115690184136,0.009093599731349676,150
21,26,0.0003908887047631045,0.008806841311131923,150
21,27,0.0004146101830216746,0.008713476422347939,150
21,28,-0.0011398412869311869,0.01110923782879384,150
21,29,-0.0011713472466605404,0.008086123745893303,150
21,30,0.0026966479839757086,0.00874096871000107,150
21,31,-0.0015708379295150128,0.012685968798960941,150
24,0,0.02972025140343855,0.040522929111617846,150
24,1,-0.003925352393804739,0.01099274866518969,150
24,2,0.0001493098842911422,0.00785826476441331,150
24,3,0.006979102589345226,0.015565178675427949,150
24,4,0.0007140001326721783,0.00831716622536423,150
24,5,0.0015868223949413126,0.009294934556842776,150
24,6,0.001607575116213411,0.009761603431859046,150
24,7,0.005582959599948178,0.014013823252801176,150
24,8,0.0009563898349491259,0.007478056131013503,150
24,9,0.02574120742928547,0.024471083983433888,150
24,10,-0.000412075772571067,0.008184879222305092,150
24,11,0.0015948654514553102,0.010511317873398532,150
24,12,-0.03149888920209681,0.02629529588757291,150
24,13,0.0009490689736170073,0.008521666470660199,150
24,14,0.0020523615344427526,0.007796999866512059,150
24,15,-0.00038318670898055036,0.008045835729949394,150
24,16,0.0007643699032875399,0.00790044932596529,150
24,17,-0.001149637446894,0.0071468549390075985,150
24,18,0.008999967307706053,0.016470763038685065,150
24,19,0.0005796556283409397,0.00737967980412672,150
24,20,0.00017199309930826227,0.0073405297143909875,150
24,21,0.0023242088748763007,0.009099751261376972,150
24,22,0.007413002407799164,0.015081842725824114,150
24,23,0.021107361927473298,0.022210564264565674,150
24,24,-0.001252413011000802,0.010451763678042191,150
24,25,0.015689943387017895,0.01964631584210694,150
24,26,-0.0012583401574132343,0.008124812864547871,150
24,27,-0.0027750100769723457,0.009432431257700073,150
24,28,0.0009316214973417421,0.007679183398511154,150
24,29,0.0010294109932146966,0.008726890308827532,150
24,30,0.0018754876948272189,0.009517332161362507,150
24,31,0.0005454854422714561,0.007234131996265989,150
25,0,-0.00013503464792544642,0.007642191061049283,150
25,1,0.0004423845349811018,0.008071338315946938,150
25,2,0.002285898533106471,0.008659143330198873,150
25,3,-0.00015951687392468255,0.007319000983346256,150
25,4,-0.00019953931293760737,0.007659196099770064,150
25,5,-0.0008671776298433542,0.008097809828808294,150
25,6,-8.104401097322503e-05,0.007886938895812854,150
25,7,0.0005073293414898217,0.00783379932202514,150
25,8,-0.001421491993435969,0.007612208279881608,150
25,9,0.157062711303588,0.10847405247606749,150
25,10,0.009027089121906707,0.012064812073642432,150
25,11,-0.0027067683443116647,0.008468267178386923,150
25,12,0.0032188038962582747,0.008970469526019442,150
25,13,0.00024751566117629407,0.007587749320113591,150
25,14,0.007825700448981177,0.01047334669717335,150
25,15,-0.0002603138773702085,0.007403936816954131,150
25,16,0.00031132750601197285,0.009000423720462673,150
25,17,-0.0005019989881354074,0.008355104815986133,150
25,18,-0.00014970827149227262,0.007453951594144296,150
25,19,-0.00018548638792708515,0.007591911664422122,150
25,20,-0.001048816671439757,0.0079213069331059,150
25,21,0.0007765813862594466,0.007547025804669157,150
25,22,-0.00019753332327430447,0.007490860541298406,150
25,23,-1.8935297266580164e-05,0.00735290230188769,150
25,24,0.000163699882881095,0.00773530686880752,150
25,25,0.002216870200354606,0.008891825765880653,150
25,26,-0.0008951443270780146,0.00782824518175163,150
25,27,-0.00043045952217653395,0.007502464839212733,150
25,28,-0.0004713084913479785,0.007758307040472455,150
25,29,0.0071685698546934875,0.014903345235592206,150
25,30,-0.00011154408799484373,0.007774095750078525,150
25,31,0.005178058443125338,0.009684519841758676,150
